#
# TABLE STRUCTURE FOR: communities
#

DROP TABLE IF EXISTS `communities`;

CREATE TABLE `communities` (
  `id` int(10) unsigned NOT NULL AUTO_INCREMENT,
  `name` varchar(150) COLLATE utf8_unicode_ci NOT NULL,
  `created_at` datetime DEFAULT current_timestamp(),
  `updated_at` datetime DEFAULT current_timestamp() ON UPDATE current_timestamp(),
  PRIMARY KEY (`id`),
  UNIQUE KEY `name` (`name`)
) ENGINE=InnoDB AUTO_INCREMENT=201 DEFAULT CHARSET=utf8 COLLATE=utf8_unicode_ci;

INSERT INTO `communities` (`id`, `name`, `created_at`, `updated_at`) VALUES (101, 'aut', '2004-12-04 19:47:15', '1997-10-30 05:26:27');
INSERT INTO `communities` (`id`, `name`, `created_at`, `updated_at`) VALUES (102, 'odio', '2018-05-28 10:47:53', '2006-08-18 00:05:44');
INSERT INTO `communities` (`id`, `name`, `created_at`, `updated_at`) VALUES (103, 'occaecati', '1997-07-01 10:21:33', '1989-06-27 13:11:55');
INSERT INTO `communities` (`id`, `name`, `created_at`, `updated_at`) VALUES (104, 'asperiores', '1976-11-30 12:41:08', '1996-03-25 17:03:52');
INSERT INTO `communities` (`id`, `name`, `created_at`, `updated_at`) VALUES (105, 'et', '1989-10-12 09:11:41', '2017-02-22 08:32:05');
INSERT INTO `communities` (`id`, `name`, `created_at`, `updated_at`) VALUES (106, 'est', '1979-12-15 14:53:38', '2010-06-10 10:08:11');
INSERT INTO `communities` (`id`, `name`, `created_at`, `updated_at`) VALUES (107, 'quod', '1994-08-19 12:25:36', '2018-03-02 19:00:56');
INSERT INTO `communities` (`id`, `name`, `created_at`, `updated_at`) VALUES (108, 'in', '2002-09-04 11:57:41', '1972-04-11 03:38:51');
INSERT INTO `communities` (`id`, `name`, `created_at`, `updated_at`) VALUES (109, 'ut', '2011-11-13 09:43:04', '1977-11-07 16:25:31');
INSERT INTO `communities` (`id`, `name`, `created_at`, `updated_at`) VALUES (110, 'quia', '1990-05-06 21:30:41', '1973-03-24 08:23:12');
INSERT INTO `communities` (`id`, `name`, `created_at`, `updated_at`) VALUES (111, 'molestiae', '2009-01-15 16:58:49', '1973-07-27 09:26:37');
INSERT INTO `communities` (`id`, `name`, `created_at`, `updated_at`) VALUES (112, 'ipsam', '2009-04-09 01:43:03', '1980-10-17 17:10:16');
INSERT INTO `communities` (`id`, `name`, `created_at`, `updated_at`) VALUES (113, 'numquam', '1986-12-03 02:49:29', '2014-05-23 18:19:28');
INSERT INTO `communities` (`id`, `name`, `created_at`, `updated_at`) VALUES (114, 'quisquam', '2012-03-18 05:41:01', '1999-12-31 14:20:44');
INSERT INTO `communities` (`id`, `name`, `created_at`, `updated_at`) VALUES (115, 'omnis', '1991-07-05 04:49:57', '1986-02-16 15:24:12');
INSERT INTO `communities` (`id`, `name`, `created_at`, `updated_at`) VALUES (116, 'adipisci', '2012-12-07 16:38:26', '2014-02-08 06:05:12');
INSERT INTO `communities` (`id`, `name`, `created_at`, `updated_at`) VALUES (117, 'sunt', '2009-01-25 05:38:01', '2018-04-25 06:27:25');
INSERT INTO `communities` (`id`, `name`, `created_at`, `updated_at`) VALUES (118, 'provident', '2018-09-13 02:23:00', '2001-09-25 11:43:40');
INSERT INTO `communities` (`id`, `name`, `created_at`, `updated_at`) VALUES (119, 'accusamus', '1991-04-26 22:18:58', '1988-02-14 14:32:36');
INSERT INTO `communities` (`id`, `name`, `created_at`, `updated_at`) VALUES (120, 'earum', '1975-12-22 14:08:29', '1970-04-16 11:47:39');
INSERT INTO `communities` (`id`, `name`, `created_at`, `updated_at`) VALUES (121, 'fuga', '1984-11-30 04:58:53', '2012-07-28 08:40:35');
INSERT INTO `communities` (`id`, `name`, `created_at`, `updated_at`) VALUES (122, 'quo', '2011-08-09 01:14:17', '1981-09-19 03:10:33');
INSERT INTO `communities` (`id`, `name`, `created_at`, `updated_at`) VALUES (123, 'magnam', '1974-03-14 15:08:01', '2017-08-02 20:55:13');
INSERT INTO `communities` (`id`, `name`, `created_at`, `updated_at`) VALUES (124, 'iusto', '1981-01-28 20:57:24', '2012-07-31 07:53:50');
INSERT INTO `communities` (`id`, `name`, `created_at`, `updated_at`) VALUES (125, 'illo', '1993-11-08 19:53:30', '1996-03-20 18:32:58');
INSERT INTO `communities` (`id`, `name`, `created_at`, `updated_at`) VALUES (126, 'voluptatem', '1990-01-04 13:03:11', '2002-03-04 12:34:44');
INSERT INTO `communities` (`id`, `name`, `created_at`, `updated_at`) VALUES (127, 'qui', '1996-07-17 02:23:47', '2006-02-07 10:22:11');
INSERT INTO `communities` (`id`, `name`, `created_at`, `updated_at`) VALUES (128, 'officia', '2000-09-30 16:52:32', '2011-07-30 19:00:50');
INSERT INTO `communities` (`id`, `name`, `created_at`, `updated_at`) VALUES (129, 'rem', '1983-10-05 10:56:05', '2008-08-04 00:06:56');
INSERT INTO `communities` (`id`, `name`, `created_at`, `updated_at`) VALUES (130, 'fugiat', '1978-08-14 05:16:39', '1989-12-06 17:26:14');
INSERT INTO `communities` (`id`, `name`, `created_at`, `updated_at`) VALUES (131, 'aliquam', '1998-08-12 00:28:42', '1978-06-06 02:16:26');
INSERT INTO `communities` (`id`, `name`, `created_at`, `updated_at`) VALUES (132, 'placeat', '1990-10-18 17:21:39', '2020-07-16 03:10:54');
INSERT INTO `communities` (`id`, `name`, `created_at`, `updated_at`) VALUES (133, 'possimus', '2019-06-18 20:09:48', '2003-06-08 18:27:40');
INSERT INTO `communities` (`id`, `name`, `created_at`, `updated_at`) VALUES (134, 'aperiam', '1988-08-02 15:08:31', '1971-01-29 08:26:04');
INSERT INTO `communities` (`id`, `name`, `created_at`, `updated_at`) VALUES (135, 'dolore', '1989-02-22 23:33:49', '2004-04-08 17:11:24');
INSERT INTO `communities` (`id`, `name`, `created_at`, `updated_at`) VALUES (136, 'aliquid', '1997-12-12 07:02:49', '1979-07-10 20:10:07');
INSERT INTO `communities` (`id`, `name`, `created_at`, `updated_at`) VALUES (137, 'velit', '1995-01-07 15:12:24', '2000-07-18 15:40:42');
INSERT INTO `communities` (`id`, `name`, `created_at`, `updated_at`) VALUES (138, 'at', '1970-01-29 10:09:18', '1993-08-23 20:38:49');
INSERT INTO `communities` (`id`, `name`, `created_at`, `updated_at`) VALUES (139, 'excepturi', '2006-07-12 15:04:05', '2009-10-01 13:29:06');
INSERT INTO `communities` (`id`, `name`, `created_at`, `updated_at`) VALUES (140, 'laborum', '1996-03-23 06:13:51', '1992-07-26 10:06:44');
INSERT INTO `communities` (`id`, `name`, `created_at`, `updated_at`) VALUES (141, 'beatae', '1982-09-29 02:54:42', '2000-07-22 08:13:04');
INSERT INTO `communities` (`id`, `name`, `created_at`, `updated_at`) VALUES (142, 'voluptatibus', '2002-03-20 03:48:16', '2005-12-03 12:58:12');
INSERT INTO `communities` (`id`, `name`, `created_at`, `updated_at`) VALUES (143, 'nihil', '2012-09-05 04:51:50', '1993-03-08 12:04:59');
INSERT INTO `communities` (`id`, `name`, `created_at`, `updated_at`) VALUES (144, 'repudiandae', '1991-05-03 04:10:30', '1983-08-18 14:33:40');
INSERT INTO `communities` (`id`, `name`, `created_at`, `updated_at`) VALUES (145, 'culpa', '1984-12-17 21:25:03', '1997-12-22 18:47:35');
INSERT INTO `communities` (`id`, `name`, `created_at`, `updated_at`) VALUES (146, 'magni', '2014-11-04 03:24:03', '1971-05-05 17:00:20');
INSERT INTO `communities` (`id`, `name`, `created_at`, `updated_at`) VALUES (147, 'rerum', '1986-12-09 14:48:34', '1979-07-10 17:13:41');
INSERT INTO `communities` (`id`, `name`, `created_at`, `updated_at`) VALUES (148, 'enim', '1982-05-19 20:32:07', '2003-04-19 11:04:05');
INSERT INTO `communities` (`id`, `name`, `created_at`, `updated_at`) VALUES (149, 'deleniti', '1996-10-16 12:30:09', '1985-09-29 13:06:31');
INSERT INTO `communities` (`id`, `name`, `created_at`, `updated_at`) VALUES (150, 'dicta', '1992-11-15 01:46:21', '1991-07-29 10:24:25');
INSERT INTO `communities` (`id`, `name`, `created_at`, `updated_at`) VALUES (151, 'consequatur', '1982-07-13 00:07:11', '1971-09-14 07:25:05');
INSERT INTO `communities` (`id`, `name`, `created_at`, `updated_at`) VALUES (152, 'dolorem', '2015-04-17 17:06:17', '2020-07-22 02:09:14');
INSERT INTO `communities` (`id`, `name`, `created_at`, `updated_at`) VALUES (153, 'cum', '1999-09-10 17:54:24', '2003-08-29 01:01:37');
INSERT INTO `communities` (`id`, `name`, `created_at`, `updated_at`) VALUES (154, 'voluptates', '1979-07-01 13:36:23', '1990-11-21 16:48:35');
INSERT INTO `communities` (`id`, `name`, `created_at`, `updated_at`) VALUES (155, 'architecto', '1990-06-24 21:15:13', '2008-11-05 05:39:40');
INSERT INTO `communities` (`id`, `name`, `created_at`, `updated_at`) VALUES (156, 'fugit', '1987-01-27 16:45:54', '1980-08-27 22:20:07');
INSERT INTO `communities` (`id`, `name`, `created_at`, `updated_at`) VALUES (157, 'a', '1989-12-16 17:34:15', '2003-03-07 09:36:01');
INSERT INTO `communities` (`id`, `name`, `created_at`, `updated_at`) VALUES (158, 'modi', '2003-06-21 11:00:51', '2000-10-05 06:24:08');
INSERT INTO `communities` (`id`, `name`, `created_at`, `updated_at`) VALUES (159, 'totam', '2020-05-19 18:46:40', '1996-03-08 06:51:42');
INSERT INTO `communities` (`id`, `name`, `created_at`, `updated_at`) VALUES (160, 'non', '1978-02-02 17:32:21', '1977-04-17 23:55:09');
INSERT INTO `communities` (`id`, `name`, `created_at`, `updated_at`) VALUES (161, 'recusandae', '1984-10-11 12:04:00', '2005-03-30 09:40:51');
INSERT INTO `communities` (`id`, `name`, `created_at`, `updated_at`) VALUES (162, 'veniam', '1988-12-06 18:48:38', '1973-01-12 22:32:48');
INSERT INTO `communities` (`id`, `name`, `created_at`, `updated_at`) VALUES (163, 'doloremque', '1984-06-30 23:15:07', '1982-04-01 13:26:32');
INSERT INTO `communities` (`id`, `name`, `created_at`, `updated_at`) VALUES (164, 'quae', '1984-09-06 08:04:50', '2001-04-07 09:24:03');
INSERT INTO `communities` (`id`, `name`, `created_at`, `updated_at`) VALUES (165, 'ad', '1996-09-05 03:31:55', '2017-03-11 23:38:11');
INSERT INTO `communities` (`id`, `name`, `created_at`, `updated_at`) VALUES (166, 'dignissimos', '1986-12-28 19:24:13', '2008-06-03 10:36:24');
INSERT INTO `communities` (`id`, `name`, `created_at`, `updated_at`) VALUES (167, 'similique', '2006-12-02 22:09:31', '1988-03-13 21:35:05');
INSERT INTO `communities` (`id`, `name`, `created_at`, `updated_at`) VALUES (168, 'quidem', '2002-10-11 06:33:41', '2006-05-31 12:02:54');
INSERT INTO `communities` (`id`, `name`, `created_at`, `updated_at`) VALUES (169, 'unde', '2020-05-20 12:31:52', '1999-04-02 13:15:06');
INSERT INTO `communities` (`id`, `name`, `created_at`, `updated_at`) VALUES (170, 'mollitia', '1983-05-31 10:53:18', '1970-01-24 14:48:31');
INSERT INTO `communities` (`id`, `name`, `created_at`, `updated_at`) VALUES (171, 'consectetur', '1977-07-23 18:42:39', '2007-12-02 12:39:19');
INSERT INTO `communities` (`id`, `name`, `created_at`, `updated_at`) VALUES (172, 'sed', '1981-02-15 03:00:33', '2018-05-02 01:43:16');
INSERT INTO `communities` (`id`, `name`, `created_at`, `updated_at`) VALUES (173, 'pariatur', '2008-01-19 09:29:56', '2011-06-19 01:21:53');
INSERT INTO `communities` (`id`, `name`, `created_at`, `updated_at`) VALUES (174, 'ullam', '1974-07-13 06:32:23', '1972-03-07 14:12:17');
INSERT INTO `communities` (`id`, `name`, `created_at`, `updated_at`) VALUES (175, 'vero', '1984-02-29 08:10:02', '1975-11-22 02:45:20');
INSERT INTO `communities` (`id`, `name`, `created_at`, `updated_at`) VALUES (176, 'labore', '2000-04-22 19:17:40', '2014-08-01 19:56:40');
INSERT INTO `communities` (`id`, `name`, `created_at`, `updated_at`) VALUES (177, 'minus', '1995-06-07 17:12:54', '1984-03-15 15:27:36');
INSERT INTO `communities` (`id`, `name`, `created_at`, `updated_at`) VALUES (178, 'ab', '1985-07-21 11:55:04', '1990-05-29 17:33:27');
INSERT INTO `communities` (`id`, `name`, `created_at`, `updated_at`) VALUES (179, 'itaque', '2020-05-20 08:37:35', '1985-05-14 08:13:53');
INSERT INTO `communities` (`id`, `name`, `created_at`, `updated_at`) VALUES (180, 'officiis', '1970-04-24 13:56:16', '2009-06-07 18:40:24');
INSERT INTO `communities` (`id`, `name`, `created_at`, `updated_at`) VALUES (181, 'quasi', '1997-07-07 16:44:20', '2004-12-03 22:33:42');
INSERT INTO `communities` (`id`, `name`, `created_at`, `updated_at`) VALUES (182, 'maxime', '1995-04-18 11:12:27', '2004-02-19 10:51:59');
INSERT INTO `communities` (`id`, `name`, `created_at`, `updated_at`) VALUES (183, 'eaque', '1991-09-18 16:21:17', '1977-04-14 10:20:57');
INSERT INTO `communities` (`id`, `name`, `created_at`, `updated_at`) VALUES (184, 'ea', '2008-10-09 11:25:27', '2002-05-15 04:59:52');
INSERT INTO `communities` (`id`, `name`, `created_at`, `updated_at`) VALUES (185, 'quis', '2002-04-14 14:51:15', '2002-05-26 12:49:09');
INSERT INTO `communities` (`id`, `name`, `created_at`, `updated_at`) VALUES (186, 'hic', '1996-08-22 10:39:49', '2015-07-18 09:28:29');
INSERT INTO `communities` (`id`, `name`, `created_at`, `updated_at`) VALUES (187, 'quos', '2009-05-04 21:22:23', '1990-07-01 13:29:24');
INSERT INTO `communities` (`id`, `name`, `created_at`, `updated_at`) VALUES (188, 'eum', '2017-06-03 18:58:19', '2005-07-29 01:51:10');
INSERT INTO `communities` (`id`, `name`, `created_at`, `updated_at`) VALUES (189, 'cupiditate', '1993-01-30 21:57:47', '1981-03-14 13:49:20');
INSERT INTO `communities` (`id`, `name`, `created_at`, `updated_at`) VALUES (190, 'temporibus', '1973-06-03 06:39:09', '2010-05-23 14:45:25');
INSERT INTO `communities` (`id`, `name`, `created_at`, `updated_at`) VALUES (191, 'incidunt', '2002-03-02 21:58:11', '2002-08-07 09:10:27');
INSERT INTO `communities` (`id`, `name`, `created_at`, `updated_at`) VALUES (192, 'voluptas', '1996-02-01 19:05:05', '1980-08-02 09:48:37');
INSERT INTO `communities` (`id`, `name`, `created_at`, `updated_at`) VALUES (193, 'praesentium', '1994-03-02 18:23:03', '1990-07-06 00:59:33');
INSERT INTO `communities` (`id`, `name`, `created_at`, `updated_at`) VALUES (194, 'id', '2018-06-04 12:07:24', '2009-03-20 17:47:51');
INSERT INTO `communities` (`id`, `name`, `created_at`, `updated_at`) VALUES (195, 'dolores', '1983-11-23 07:42:59', '1996-06-18 13:23:46');
INSERT INTO `communities` (`id`, `name`, `created_at`, `updated_at`) VALUES (196, 'facilis', '2005-08-08 03:20:28', '1973-11-16 07:36:30');
INSERT INTO `communities` (`id`, `name`, `created_at`, `updated_at`) VALUES (197, 'error', '1992-05-15 15:20:52', '1998-08-18 19:17:01');
INSERT INTO `communities` (`id`, `name`, `created_at`, `updated_at`) VALUES (198, 'sit', '1988-07-15 08:21:19', '2013-02-14 21:36:10');
INSERT INTO `communities` (`id`, `name`, `created_at`, `updated_at`) VALUES (199, 'sapiente', '2000-11-29 08:47:20', '2008-02-09 15:24:38');
INSERT INTO `communities` (`id`, `name`, `created_at`, `updated_at`) VALUES (200, 'tempore', '2010-06-09 00:12:10', '1991-08-26 00:49:08');


#
# TABLE STRUCTURE FOR: communities_users
#

DROP TABLE IF EXISTS `communities_users`;

CREATE TABLE `communities_users` (
  `community_id` int(10) unsigned NOT NULL,
  `user_id` int(10) unsigned NOT NULL,
  `created_at` datetime DEFAULT current_timestamp(),
  PRIMARY KEY (`community_id`,`user_id`)
) ENGINE=InnoDB DEFAULT CHARSET=utf8 COLLATE=utf8_unicode_ci;

INSERT INTO `communities_users` (`community_id`, `user_id`, `created_at`) VALUES (101, 100, '1978-03-18 00:20:55');
INSERT INTO `communities_users` (`community_id`, `user_id`, `created_at`) VALUES (102, 101, '2004-03-31 22:31:58');
INSERT INTO `communities_users` (`community_id`, `user_id`, `created_at`) VALUES (103, 102, '1973-01-25 23:08:15');
INSERT INTO `communities_users` (`community_id`, `user_id`, `created_at`) VALUES (104, 103, '2000-07-14 04:10:28');
INSERT INTO `communities_users` (`community_id`, `user_id`, `created_at`) VALUES (105, 104, '1996-10-23 10:37:21');
INSERT INTO `communities_users` (`community_id`, `user_id`, `created_at`) VALUES (106, 105, '1997-12-27 06:56:26');
INSERT INTO `communities_users` (`community_id`, `user_id`, `created_at`) VALUES (107, 106, '2002-02-12 16:58:44');
INSERT INTO `communities_users` (`community_id`, `user_id`, `created_at`) VALUES (108, 107, '2000-08-10 15:01:01');
INSERT INTO `communities_users` (`community_id`, `user_id`, `created_at`) VALUES (109, 108, '1972-03-26 06:19:40');
INSERT INTO `communities_users` (`community_id`, `user_id`, `created_at`) VALUES (110, 109, '2006-08-19 21:35:02');
INSERT INTO `communities_users` (`community_id`, `user_id`, `created_at`) VALUES (111, 110, '1997-11-02 03:31:05');
INSERT INTO `communities_users` (`community_id`, `user_id`, `created_at`) VALUES (112, 111, '1995-12-21 16:00:14');
INSERT INTO `communities_users` (`community_id`, `user_id`, `created_at`) VALUES (113, 112, '1979-08-06 10:17:46');
INSERT INTO `communities_users` (`community_id`, `user_id`, `created_at`) VALUES (114, 113, '2018-09-28 01:16:59');
INSERT INTO `communities_users` (`community_id`, `user_id`, `created_at`) VALUES (115, 114, '2012-12-18 06:07:54');
INSERT INTO `communities_users` (`community_id`, `user_id`, `created_at`) VALUES (116, 115, '1972-07-10 17:52:59');
INSERT INTO `communities_users` (`community_id`, `user_id`, `created_at`) VALUES (117, 116, '1979-09-01 00:46:58');
INSERT INTO `communities_users` (`community_id`, `user_id`, `created_at`) VALUES (118, 117, '2011-06-13 16:09:29');
INSERT INTO `communities_users` (`community_id`, `user_id`, `created_at`) VALUES (119, 118, '1990-02-05 16:02:33');
INSERT INTO `communities_users` (`community_id`, `user_id`, `created_at`) VALUES (120, 119, '1970-06-11 00:14:55');
INSERT INTO `communities_users` (`community_id`, `user_id`, `created_at`) VALUES (121, 120, '1985-08-29 06:11:50');
INSERT INTO `communities_users` (`community_id`, `user_id`, `created_at`) VALUES (122, 121, '2001-04-17 16:53:54');
INSERT INTO `communities_users` (`community_id`, `user_id`, `created_at`) VALUES (123, 122, '2017-04-06 06:47:53');
INSERT INTO `communities_users` (`community_id`, `user_id`, `created_at`) VALUES (124, 123, '1988-11-16 17:41:26');
INSERT INTO `communities_users` (`community_id`, `user_id`, `created_at`) VALUES (125, 124, '2001-06-19 13:46:01');
INSERT INTO `communities_users` (`community_id`, `user_id`, `created_at`) VALUES (126, 125, '1984-12-01 18:02:42');
INSERT INTO `communities_users` (`community_id`, `user_id`, `created_at`) VALUES (127, 126, '1982-01-14 03:09:30');
INSERT INTO `communities_users` (`community_id`, `user_id`, `created_at`) VALUES (128, 127, '1977-10-19 07:28:04');
INSERT INTO `communities_users` (`community_id`, `user_id`, `created_at`) VALUES (129, 128, '2020-12-22 19:25:15');
INSERT INTO `communities_users` (`community_id`, `user_id`, `created_at`) VALUES (130, 129, '1982-09-20 17:49:17');
INSERT INTO `communities_users` (`community_id`, `user_id`, `created_at`) VALUES (131, 130, '1979-02-06 16:31:58');
INSERT INTO `communities_users` (`community_id`, `user_id`, `created_at`) VALUES (132, 131, '1990-08-12 09:56:48');
INSERT INTO `communities_users` (`community_id`, `user_id`, `created_at`) VALUES (133, 132, '1973-01-05 19:29:25');
INSERT INTO `communities_users` (`community_id`, `user_id`, `created_at`) VALUES (134, 133, '2012-10-16 16:59:03');
INSERT INTO `communities_users` (`community_id`, `user_id`, `created_at`) VALUES (135, 134, '1981-01-31 19:05:33');
INSERT INTO `communities_users` (`community_id`, `user_id`, `created_at`) VALUES (136, 135, '2000-04-12 10:38:15');
INSERT INTO `communities_users` (`community_id`, `user_id`, `created_at`) VALUES (137, 136, '1972-12-19 00:28:48');
INSERT INTO `communities_users` (`community_id`, `user_id`, `created_at`) VALUES (138, 137, '1993-04-07 02:28:12');
INSERT INTO `communities_users` (`community_id`, `user_id`, `created_at`) VALUES (139, 138, '2008-12-26 00:29:46');
INSERT INTO `communities_users` (`community_id`, `user_id`, `created_at`) VALUES (140, 139, '1996-07-20 06:49:16');
INSERT INTO `communities_users` (`community_id`, `user_id`, `created_at`) VALUES (141, 140, '1993-06-21 23:19:22');
INSERT INTO `communities_users` (`community_id`, `user_id`, `created_at`) VALUES (142, 141, '1999-03-27 13:38:42');
INSERT INTO `communities_users` (`community_id`, `user_id`, `created_at`) VALUES (143, 142, '1982-04-15 23:09:32');
INSERT INTO `communities_users` (`community_id`, `user_id`, `created_at`) VALUES (144, 143, '1979-06-23 02:54:31');
INSERT INTO `communities_users` (`community_id`, `user_id`, `created_at`) VALUES (145, 144, '2000-10-28 08:13:44');
INSERT INTO `communities_users` (`community_id`, `user_id`, `created_at`) VALUES (146, 145, '2002-09-28 22:24:00');
INSERT INTO `communities_users` (`community_id`, `user_id`, `created_at`) VALUES (147, 146, '2016-07-05 07:08:36');
INSERT INTO `communities_users` (`community_id`, `user_id`, `created_at`) VALUES (148, 147, '1975-03-07 05:11:33');
INSERT INTO `communities_users` (`community_id`, `user_id`, `created_at`) VALUES (149, 148, '2008-02-18 02:02:31');
INSERT INTO `communities_users` (`community_id`, `user_id`, `created_at`) VALUES (150, 149, '1994-11-08 22:25:40');
INSERT INTO `communities_users` (`community_id`, `user_id`, `created_at`) VALUES (151, 150, '2005-02-01 09:33:23');
INSERT INTO `communities_users` (`community_id`, `user_id`, `created_at`) VALUES (152, 151, '1986-02-05 20:22:10');
INSERT INTO `communities_users` (`community_id`, `user_id`, `created_at`) VALUES (153, 152, '2019-03-06 02:18:52');
INSERT INTO `communities_users` (`community_id`, `user_id`, `created_at`) VALUES (154, 153, '2003-12-26 02:03:27');
INSERT INTO `communities_users` (`community_id`, `user_id`, `created_at`) VALUES (155, 154, '1994-05-27 10:49:18');
INSERT INTO `communities_users` (`community_id`, `user_id`, `created_at`) VALUES (156, 155, '2001-04-08 17:36:33');
INSERT INTO `communities_users` (`community_id`, `user_id`, `created_at`) VALUES (157, 156, '1983-08-16 17:15:04');
INSERT INTO `communities_users` (`community_id`, `user_id`, `created_at`) VALUES (158, 157, '1983-11-19 21:52:50');
INSERT INTO `communities_users` (`community_id`, `user_id`, `created_at`) VALUES (159, 158, '1981-12-25 04:41:11');
INSERT INTO `communities_users` (`community_id`, `user_id`, `created_at`) VALUES (160, 159, '1972-08-16 11:56:26');
INSERT INTO `communities_users` (`community_id`, `user_id`, `created_at`) VALUES (161, 160, '1998-12-23 21:57:57');
INSERT INTO `communities_users` (`community_id`, `user_id`, `created_at`) VALUES (162, 161, '2016-08-21 11:50:45');
INSERT INTO `communities_users` (`community_id`, `user_id`, `created_at`) VALUES (163, 162, '1992-12-24 10:12:10');
INSERT INTO `communities_users` (`community_id`, `user_id`, `created_at`) VALUES (164, 163, '1985-02-25 00:05:07');
INSERT INTO `communities_users` (`community_id`, `user_id`, `created_at`) VALUES (165, 164, '2006-07-19 04:27:28');
INSERT INTO `communities_users` (`community_id`, `user_id`, `created_at`) VALUES (166, 165, '1992-03-12 17:19:59');
INSERT INTO `communities_users` (`community_id`, `user_id`, `created_at`) VALUES (167, 166, '2016-01-14 18:58:05');
INSERT INTO `communities_users` (`community_id`, `user_id`, `created_at`) VALUES (168, 167, '2008-11-12 01:53:55');
INSERT INTO `communities_users` (`community_id`, `user_id`, `created_at`) VALUES (169, 168, '2006-09-25 13:41:36');
INSERT INTO `communities_users` (`community_id`, `user_id`, `created_at`) VALUES (170, 169, '1974-03-16 00:54:14');
INSERT INTO `communities_users` (`community_id`, `user_id`, `created_at`) VALUES (171, 170, '1999-02-13 13:10:07');
INSERT INTO `communities_users` (`community_id`, `user_id`, `created_at`) VALUES (172, 171, '2005-01-30 01:39:58');
INSERT INTO `communities_users` (`community_id`, `user_id`, `created_at`) VALUES (173, 172, '1994-11-05 17:15:29');
INSERT INTO `communities_users` (`community_id`, `user_id`, `created_at`) VALUES (174, 173, '1986-01-23 19:53:37');
INSERT INTO `communities_users` (`community_id`, `user_id`, `created_at`) VALUES (175, 174, '2020-06-06 22:29:35');
INSERT INTO `communities_users` (`community_id`, `user_id`, `created_at`) VALUES (176, 175, '1995-12-06 09:04:25');
INSERT INTO `communities_users` (`community_id`, `user_id`, `created_at`) VALUES (177, 176, '2016-12-13 08:39:09');
INSERT INTO `communities_users` (`community_id`, `user_id`, `created_at`) VALUES (178, 177, '1994-02-25 12:42:11');
INSERT INTO `communities_users` (`community_id`, `user_id`, `created_at`) VALUES (179, 178, '2010-10-16 18:51:20');
INSERT INTO `communities_users` (`community_id`, `user_id`, `created_at`) VALUES (180, 179, '1988-03-12 12:01:47');
INSERT INTO `communities_users` (`community_id`, `user_id`, `created_at`) VALUES (181, 180, '2020-12-03 08:42:09');
INSERT INTO `communities_users` (`community_id`, `user_id`, `created_at`) VALUES (182, 181, '1980-12-12 22:28:00');
INSERT INTO `communities_users` (`community_id`, `user_id`, `created_at`) VALUES (183, 182, '2003-12-03 04:21:19');
INSERT INTO `communities_users` (`community_id`, `user_id`, `created_at`) VALUES (184, 183, '2008-06-19 18:30:54');
INSERT INTO `communities_users` (`community_id`, `user_id`, `created_at`) VALUES (185, 184, '1999-01-25 13:10:19');
INSERT INTO `communities_users` (`community_id`, `user_id`, `created_at`) VALUES (186, 185, '2004-05-09 18:34:08');
INSERT INTO `communities_users` (`community_id`, `user_id`, `created_at`) VALUES (187, 186, '1976-07-14 07:03:37');
INSERT INTO `communities_users` (`community_id`, `user_id`, `created_at`) VALUES (188, 187, '2019-05-22 13:45:12');
INSERT INTO `communities_users` (`community_id`, `user_id`, `created_at`) VALUES (189, 188, '1983-05-02 14:22:45');
INSERT INTO `communities_users` (`community_id`, `user_id`, `created_at`) VALUES (190, 189, '1994-08-02 18:40:44');
INSERT INTO `communities_users` (`community_id`, `user_id`, `created_at`) VALUES (191, 190, '2002-08-16 22:01:56');
INSERT INTO `communities_users` (`community_id`, `user_id`, `created_at`) VALUES (192, 191, '1979-04-10 07:02:18');
INSERT INTO `communities_users` (`community_id`, `user_id`, `created_at`) VALUES (193, 192, '1981-05-26 02:32:34');
INSERT INTO `communities_users` (`community_id`, `user_id`, `created_at`) VALUES (194, 193, '2011-04-15 04:27:05');
INSERT INTO `communities_users` (`community_id`, `user_id`, `created_at`) VALUES (195, 194, '2015-10-25 00:03:07');
INSERT INTO `communities_users` (`community_id`, `user_id`, `created_at`) VALUES (196, 195, '2007-08-30 00:13:17');
INSERT INTO `communities_users` (`community_id`, `user_id`, `created_at`) VALUES (197, 196, '2008-02-05 04:47:02');
INSERT INTO `communities_users` (`community_id`, `user_id`, `created_at`) VALUES (198, 197, '1994-12-23 13:50:02');
INSERT INTO `communities_users` (`community_id`, `user_id`, `created_at`) VALUES (199, 198, '1998-03-26 20:25:17');
INSERT INTO `communities_users` (`community_id`, `user_id`, `created_at`) VALUES (200, 199, '1994-08-29 04:48:44');


#
# TABLE STRUCTURE FOR: friendship
#

DROP TABLE IF EXISTS `friendship`;

CREATE TABLE `friendship` (
  `user_id` int(10) unsigned NOT NULL,
  `friend_id` int(10) unsigned NOT NULL,
  `status_id` int(10) unsigned NOT NULL,
  `requested_at` datetime DEFAULT current_timestamp(),
  `confirmed_at` datetime DEFAULT NULL,
  `created_at` datetime DEFAULT current_timestamp(),
  `updated_at` datetime DEFAULT current_timestamp() ON UPDATE current_timestamp(),
  PRIMARY KEY (`user_id`,`friend_id`)
) ENGINE=InnoDB DEFAULT CHARSET=utf8 COLLATE=utf8_unicode_ci;

INSERT INTO `friendship` (`user_id`, `friend_id`, `status_id`, `requested_at`, `confirmed_at`, `created_at`, `updated_at`) VALUES (100, 100, 101, '2018-10-11 13:50:41', '1978-12-18 14:11:31', '1974-01-19 06:02:35', '2007-02-22 10:23:19');
INSERT INTO `friendship` (`user_id`, `friend_id`, `status_id`, `requested_at`, `confirmed_at`, `created_at`, `updated_at`) VALUES (101, 101, 102, '1992-12-22 03:31:07', '2019-07-30 09:39:03', '2018-04-29 22:20:41', '1974-11-19 18:03:37');
INSERT INTO `friendship` (`user_id`, `friend_id`, `status_id`, `requested_at`, `confirmed_at`, `created_at`, `updated_at`) VALUES (102, 102, 103, '1998-08-05 13:25:31', '1975-03-27 14:00:38', '1991-10-13 13:04:17', '1997-01-12 15:30:06');
INSERT INTO `friendship` (`user_id`, `friend_id`, `status_id`, `requested_at`, `confirmed_at`, `created_at`, `updated_at`) VALUES (103, 103, 104, '1980-02-02 16:47:16', '1980-10-31 00:34:07', '2018-04-08 20:19:38', '1978-07-01 15:29:20');
INSERT INTO `friendship` (`user_id`, `friend_id`, `status_id`, `requested_at`, `confirmed_at`, `created_at`, `updated_at`) VALUES (104, 104, 105, '1986-09-09 17:27:24', '1977-12-03 21:50:45', '2019-11-06 09:25:12', '2009-11-07 20:59:11');
INSERT INTO `friendship` (`user_id`, `friend_id`, `status_id`, `requested_at`, `confirmed_at`, `created_at`, `updated_at`) VALUES (105, 105, 106, '1991-07-27 12:25:12', '1973-07-21 01:01:22', '1993-11-17 03:34:37', '1998-06-24 11:15:33');
INSERT INTO `friendship` (`user_id`, `friend_id`, `status_id`, `requested_at`, `confirmed_at`, `created_at`, `updated_at`) VALUES (106, 106, 107, '2015-09-21 21:39:00', '2012-02-28 17:11:56', '2020-10-04 00:34:32', '1990-06-11 02:30:04');
INSERT INTO `friendship` (`user_id`, `friend_id`, `status_id`, `requested_at`, `confirmed_at`, `created_at`, `updated_at`) VALUES (107, 107, 108, '1988-07-30 08:52:22', '1985-07-28 17:25:36', '2004-07-13 04:07:54', '1992-10-13 17:00:30');
INSERT INTO `friendship` (`user_id`, `friend_id`, `status_id`, `requested_at`, `confirmed_at`, `created_at`, `updated_at`) VALUES (108, 108, 109, '2013-04-08 13:13:49', '1988-10-26 20:11:02', '2006-12-02 08:32:34', '1984-09-27 21:35:42');
INSERT INTO `friendship` (`user_id`, `friend_id`, `status_id`, `requested_at`, `confirmed_at`, `created_at`, `updated_at`) VALUES (109, 109, 110, '2007-01-17 12:21:54', '1986-04-30 06:07:02', '2001-06-15 14:31:23', '2011-11-04 22:11:55');
INSERT INTO `friendship` (`user_id`, `friend_id`, `status_id`, `requested_at`, `confirmed_at`, `created_at`, `updated_at`) VALUES (110, 110, 111, '1990-09-16 13:59:33', '1982-10-10 16:17:32', '2016-03-20 19:34:32', '2020-06-12 22:25:22');
INSERT INTO `friendship` (`user_id`, `friend_id`, `status_id`, `requested_at`, `confirmed_at`, `created_at`, `updated_at`) VALUES (111, 111, 112, '2002-07-24 21:33:58', '2017-04-20 03:42:07', '1972-01-13 11:29:32', '2010-07-15 01:44:52');
INSERT INTO `friendship` (`user_id`, `friend_id`, `status_id`, `requested_at`, `confirmed_at`, `created_at`, `updated_at`) VALUES (112, 112, 113, '1988-10-05 07:51:47', '2016-07-07 08:46:05', '2018-10-09 20:55:59', '2009-03-17 05:38:22');
INSERT INTO `friendship` (`user_id`, `friend_id`, `status_id`, `requested_at`, `confirmed_at`, `created_at`, `updated_at`) VALUES (113, 113, 114, '2018-03-21 03:03:08', '1984-06-12 08:27:18', '2006-01-06 12:34:11', '2019-12-22 03:25:11');
INSERT INTO `friendship` (`user_id`, `friend_id`, `status_id`, `requested_at`, `confirmed_at`, `created_at`, `updated_at`) VALUES (114, 114, 115, '2012-04-08 10:34:29', '1974-06-20 08:50:49', '1990-05-13 01:36:13', '2003-09-21 02:14:10');
INSERT INTO `friendship` (`user_id`, `friend_id`, `status_id`, `requested_at`, `confirmed_at`, `created_at`, `updated_at`) VALUES (115, 115, 116, '2019-02-28 03:28:26', '1979-09-24 13:55:18', '1976-05-25 04:51:20', '2002-09-01 18:26:48');
INSERT INTO `friendship` (`user_id`, `friend_id`, `status_id`, `requested_at`, `confirmed_at`, `created_at`, `updated_at`) VALUES (116, 116, 117, '1973-08-06 13:05:55', '2004-10-20 16:31:57', '1980-07-21 12:34:46', '1992-02-11 23:31:37');
INSERT INTO `friendship` (`user_id`, `friend_id`, `status_id`, `requested_at`, `confirmed_at`, `created_at`, `updated_at`) VALUES (117, 117, 118, '2016-03-22 18:36:22', '2012-08-18 22:23:07', '2020-06-19 07:04:39', '1996-10-05 02:59:05');
INSERT INTO `friendship` (`user_id`, `friend_id`, `status_id`, `requested_at`, `confirmed_at`, `created_at`, `updated_at`) VALUES (118, 118, 119, '1991-11-08 05:55:02', '2009-03-22 20:40:59', '1972-05-24 04:01:29', '1994-04-16 11:45:59');
INSERT INTO `friendship` (`user_id`, `friend_id`, `status_id`, `requested_at`, `confirmed_at`, `created_at`, `updated_at`) VALUES (119, 119, 120, '2010-08-19 14:43:24', '2015-04-09 04:32:22', '1992-04-05 08:55:00', '2002-10-12 14:39:51');
INSERT INTO `friendship` (`user_id`, `friend_id`, `status_id`, `requested_at`, `confirmed_at`, `created_at`, `updated_at`) VALUES (120, 120, 121, '2006-01-28 12:52:57', '2011-10-01 07:59:53', '2001-12-28 03:46:10', '2015-07-24 11:15:54');
INSERT INTO `friendship` (`user_id`, `friend_id`, `status_id`, `requested_at`, `confirmed_at`, `created_at`, `updated_at`) VALUES (121, 121, 122, '1984-07-03 16:05:20', '1971-02-10 11:15:57', '1999-09-12 02:56:22', '1992-10-09 18:41:43');
INSERT INTO `friendship` (`user_id`, `friend_id`, `status_id`, `requested_at`, `confirmed_at`, `created_at`, `updated_at`) VALUES (122, 122, 123, '1985-09-16 20:08:24', '1996-12-22 08:08:16', '2011-11-23 16:18:05', '1983-09-06 21:23:54');
INSERT INTO `friendship` (`user_id`, `friend_id`, `status_id`, `requested_at`, `confirmed_at`, `created_at`, `updated_at`) VALUES (123, 123, 124, '1983-09-10 04:29:59', '2012-03-15 23:27:51', '2013-03-20 18:25:18', '1982-06-29 02:14:01');
INSERT INTO `friendship` (`user_id`, `friend_id`, `status_id`, `requested_at`, `confirmed_at`, `created_at`, `updated_at`) VALUES (124, 124, 125, '1976-05-01 06:01:09', '2003-10-29 08:59:29', '1983-05-02 19:29:11', '2020-08-27 16:30:05');
INSERT INTO `friendship` (`user_id`, `friend_id`, `status_id`, `requested_at`, `confirmed_at`, `created_at`, `updated_at`) VALUES (125, 125, 126, '1982-12-08 13:21:12', '1993-10-30 11:36:27', '1973-09-08 08:34:05', '1983-02-10 23:59:44');
INSERT INTO `friendship` (`user_id`, `friend_id`, `status_id`, `requested_at`, `confirmed_at`, `created_at`, `updated_at`) VALUES (126, 126, 127, '1986-01-09 15:03:06', '1984-11-03 14:21:57', '1980-06-23 04:24:50', '1998-09-29 01:56:04');
INSERT INTO `friendship` (`user_id`, `friend_id`, `status_id`, `requested_at`, `confirmed_at`, `created_at`, `updated_at`) VALUES (127, 127, 128, '1988-12-01 07:03:55', '1972-05-13 00:57:54', '2016-01-06 23:13:24', '2006-03-18 21:09:13');
INSERT INTO `friendship` (`user_id`, `friend_id`, `status_id`, `requested_at`, `confirmed_at`, `created_at`, `updated_at`) VALUES (128, 128, 129, '1976-06-03 18:39:09', '1973-03-08 12:30:19', '1990-10-22 13:23:30', '2001-01-04 09:44:07');
INSERT INTO `friendship` (`user_id`, `friend_id`, `status_id`, `requested_at`, `confirmed_at`, `created_at`, `updated_at`) VALUES (129, 129, 130, '2018-10-29 06:21:52', '2012-11-27 18:06:33', '2005-04-21 05:59:15', '1993-04-27 06:16:09');
INSERT INTO `friendship` (`user_id`, `friend_id`, `status_id`, `requested_at`, `confirmed_at`, `created_at`, `updated_at`) VALUES (130, 130, 131, '2007-02-19 04:10:53', '2015-05-09 17:30:19', '1972-04-08 15:34:07', '2015-08-26 20:21:18');
INSERT INTO `friendship` (`user_id`, `friend_id`, `status_id`, `requested_at`, `confirmed_at`, `created_at`, `updated_at`) VALUES (131, 131, 132, '1997-06-08 15:51:04', '2010-06-24 05:37:01', '1973-08-16 04:36:19', '1978-01-20 04:38:51');
INSERT INTO `friendship` (`user_id`, `friend_id`, `status_id`, `requested_at`, `confirmed_at`, `created_at`, `updated_at`) VALUES (132, 132, 133, '1992-05-13 04:02:12', '2016-07-09 18:15:51', '1994-03-16 12:03:52', '2019-02-19 20:34:29');
INSERT INTO `friendship` (`user_id`, `friend_id`, `status_id`, `requested_at`, `confirmed_at`, `created_at`, `updated_at`) VALUES (133, 133, 134, '2000-09-06 11:14:03', '1977-03-13 02:23:41', '1993-04-22 05:55:06', '2004-08-18 09:43:59');
INSERT INTO `friendship` (`user_id`, `friend_id`, `status_id`, `requested_at`, `confirmed_at`, `created_at`, `updated_at`) VALUES (134, 134, 135, '2014-02-19 13:16:52', '2020-06-12 04:21:10', '1994-06-21 14:47:33', '1986-12-17 15:03:15');
INSERT INTO `friendship` (`user_id`, `friend_id`, `status_id`, `requested_at`, `confirmed_at`, `created_at`, `updated_at`) VALUES (135, 135, 136, '2001-08-07 11:01:06', '1983-01-08 13:16:15', '1985-08-20 07:24:18', '1983-08-26 22:07:13');
INSERT INTO `friendship` (`user_id`, `friend_id`, `status_id`, `requested_at`, `confirmed_at`, `created_at`, `updated_at`) VALUES (136, 136, 137, '1984-06-26 00:31:45', '1988-07-17 21:07:02', '1987-02-21 00:48:53', '1994-10-24 20:26:55');
INSERT INTO `friendship` (`user_id`, `friend_id`, `status_id`, `requested_at`, `confirmed_at`, `created_at`, `updated_at`) VALUES (137, 137, 138, '1991-02-05 13:17:08', '1983-11-14 10:18:47', '1977-11-29 18:28:57', '2016-10-22 17:14:37');
INSERT INTO `friendship` (`user_id`, `friend_id`, `status_id`, `requested_at`, `confirmed_at`, `created_at`, `updated_at`) VALUES (138, 138, 139, '2017-07-27 04:39:32', '1986-01-09 08:45:43', '1984-05-13 03:41:02', '2015-01-07 22:22:21');
INSERT INTO `friendship` (`user_id`, `friend_id`, `status_id`, `requested_at`, `confirmed_at`, `created_at`, `updated_at`) VALUES (139, 139, 140, '1978-12-23 07:04:48', '1973-11-29 13:27:06', '1975-11-27 05:41:41', '2007-08-01 05:36:10');
INSERT INTO `friendship` (`user_id`, `friend_id`, `status_id`, `requested_at`, `confirmed_at`, `created_at`, `updated_at`) VALUES (140, 140, 141, '1972-12-09 23:08:12', '2007-04-23 02:02:37', '1973-10-07 17:40:27', '1998-11-08 06:17:40');
INSERT INTO `friendship` (`user_id`, `friend_id`, `status_id`, `requested_at`, `confirmed_at`, `created_at`, `updated_at`) VALUES (141, 141, 142, '1979-12-23 19:45:59', '2018-01-24 18:39:26', '2000-03-08 12:40:21', '1991-09-28 21:49:56');
INSERT INTO `friendship` (`user_id`, `friend_id`, `status_id`, `requested_at`, `confirmed_at`, `created_at`, `updated_at`) VALUES (142, 142, 143, '2014-04-24 18:45:00', '1987-10-02 21:45:35', '1992-05-22 08:57:31', '1998-01-12 18:24:00');
INSERT INTO `friendship` (`user_id`, `friend_id`, `status_id`, `requested_at`, `confirmed_at`, `created_at`, `updated_at`) VALUES (143, 143, 144, '2017-01-17 01:15:43', '1991-12-15 00:48:21', '1994-02-04 02:19:14', '1985-12-01 13:34:14');
INSERT INTO `friendship` (`user_id`, `friend_id`, `status_id`, `requested_at`, `confirmed_at`, `created_at`, `updated_at`) VALUES (144, 144, 145, '2005-10-27 08:10:42', '2005-02-23 07:07:32', '2007-07-31 21:27:02', '1972-07-09 21:32:46');
INSERT INTO `friendship` (`user_id`, `friend_id`, `status_id`, `requested_at`, `confirmed_at`, `created_at`, `updated_at`) VALUES (145, 145, 146, '2017-01-30 10:38:19', '1990-12-20 22:16:26', '1997-03-13 22:12:23', '1998-10-19 01:59:54');
INSERT INTO `friendship` (`user_id`, `friend_id`, `status_id`, `requested_at`, `confirmed_at`, `created_at`, `updated_at`) VALUES (146, 146, 147, '1980-10-15 04:30:54', '2019-04-06 12:57:29', '1979-09-09 20:29:42', '2015-06-26 15:02:00');
INSERT INTO `friendship` (`user_id`, `friend_id`, `status_id`, `requested_at`, `confirmed_at`, `created_at`, `updated_at`) VALUES (147, 147, 148, '2020-01-31 18:08:51', '2000-08-26 14:47:15', '1988-07-24 20:44:40', '2011-12-30 12:32:12');
INSERT INTO `friendship` (`user_id`, `friend_id`, `status_id`, `requested_at`, `confirmed_at`, `created_at`, `updated_at`) VALUES (148, 148, 149, '1973-03-12 08:58:54', '2016-03-31 08:21:06', '1997-11-28 15:50:31', '1999-02-04 01:07:17');
INSERT INTO `friendship` (`user_id`, `friend_id`, `status_id`, `requested_at`, `confirmed_at`, `created_at`, `updated_at`) VALUES (149, 149, 150, '2016-04-10 12:57:19', '1985-09-29 18:21:00', '1974-08-25 16:29:37', '2020-06-01 15:48:45');
INSERT INTO `friendship` (`user_id`, `friend_id`, `status_id`, `requested_at`, `confirmed_at`, `created_at`, `updated_at`) VALUES (150, 150, 151, '2019-09-08 21:19:12', '1996-06-08 10:54:26', '2000-05-17 19:27:25', '2020-02-24 22:16:38');
INSERT INTO `friendship` (`user_id`, `friend_id`, `status_id`, `requested_at`, `confirmed_at`, `created_at`, `updated_at`) VALUES (151, 151, 152, '1993-10-01 17:11:15', '2000-11-09 18:23:59', '2006-03-31 12:56:22', '2011-06-18 08:33:01');
INSERT INTO `friendship` (`user_id`, `friend_id`, `status_id`, `requested_at`, `confirmed_at`, `created_at`, `updated_at`) VALUES (152, 152, 153, '2020-07-05 04:37:19', '1982-04-06 14:19:53', '2018-09-22 11:16:33', '1997-12-03 19:51:23');
INSERT INTO `friendship` (`user_id`, `friend_id`, `status_id`, `requested_at`, `confirmed_at`, `created_at`, `updated_at`) VALUES (153, 153, 154, '2020-08-02 01:48:00', '1988-12-18 04:48:23', '1985-03-02 04:11:29', '1972-08-11 19:56:29');
INSERT INTO `friendship` (`user_id`, `friend_id`, `status_id`, `requested_at`, `confirmed_at`, `created_at`, `updated_at`) VALUES (154, 154, 155, '1986-08-06 16:28:46', '1995-08-18 00:01:59', '1988-07-25 19:50:09', '2016-05-10 16:37:09');
INSERT INTO `friendship` (`user_id`, `friend_id`, `status_id`, `requested_at`, `confirmed_at`, `created_at`, `updated_at`) VALUES (155, 155, 156, '1978-04-28 13:27:34', '2001-08-01 08:42:30', '1975-09-19 17:20:34', '1987-09-06 02:29:31');
INSERT INTO `friendship` (`user_id`, `friend_id`, `status_id`, `requested_at`, `confirmed_at`, `created_at`, `updated_at`) VALUES (156, 156, 157, '1973-03-12 22:24:23', '2005-06-15 07:04:09', '1974-08-12 18:50:09', '1990-10-04 18:27:27');
INSERT INTO `friendship` (`user_id`, `friend_id`, `status_id`, `requested_at`, `confirmed_at`, `created_at`, `updated_at`) VALUES (157, 157, 158, '1976-11-03 23:14:35', '2007-07-14 14:40:05', '2009-01-15 15:04:18', '2018-10-20 00:01:28');
INSERT INTO `friendship` (`user_id`, `friend_id`, `status_id`, `requested_at`, `confirmed_at`, `created_at`, `updated_at`) VALUES (158, 158, 159, '2020-04-19 13:04:43', '1979-03-07 14:10:17', '1998-09-07 05:12:58', '2019-04-21 14:01:44');
INSERT INTO `friendship` (`user_id`, `friend_id`, `status_id`, `requested_at`, `confirmed_at`, `created_at`, `updated_at`) VALUES (159, 159, 160, '2000-08-09 01:44:42', '2006-05-10 05:51:01', '1991-07-10 10:16:19', '1976-04-12 10:22:18');
INSERT INTO `friendship` (`user_id`, `friend_id`, `status_id`, `requested_at`, `confirmed_at`, `created_at`, `updated_at`) VALUES (160, 160, 161, '2020-09-02 08:31:49', '1997-02-09 17:01:45', '1970-05-15 05:45:30', '2013-09-05 01:29:52');
INSERT INTO `friendship` (`user_id`, `friend_id`, `status_id`, `requested_at`, `confirmed_at`, `created_at`, `updated_at`) VALUES (161, 161, 162, '1989-10-06 09:59:05', '1995-10-15 08:12:25', '1977-01-24 06:09:04', '1979-12-24 23:30:23');
INSERT INTO `friendship` (`user_id`, `friend_id`, `status_id`, `requested_at`, `confirmed_at`, `created_at`, `updated_at`) VALUES (162, 162, 163, '2010-10-10 16:41:57', '2006-03-30 21:48:16', '1998-05-16 20:16:25', '1992-12-25 03:22:09');
INSERT INTO `friendship` (`user_id`, `friend_id`, `status_id`, `requested_at`, `confirmed_at`, `created_at`, `updated_at`) VALUES (163, 163, 164, '1982-12-02 00:44:58', '1996-05-11 10:52:47', '2013-01-11 04:57:20', '2002-10-14 15:12:25');
INSERT INTO `friendship` (`user_id`, `friend_id`, `status_id`, `requested_at`, `confirmed_at`, `created_at`, `updated_at`) VALUES (164, 164, 165, '1981-02-02 00:12:47', '1981-12-28 15:35:00', '2017-07-14 05:54:39', '1977-09-27 03:05:07');
INSERT INTO `friendship` (`user_id`, `friend_id`, `status_id`, `requested_at`, `confirmed_at`, `created_at`, `updated_at`) VALUES (165, 165, 166, '1974-09-14 14:20:46', '1975-11-15 09:09:57', '1972-06-15 01:13:00', '1976-06-03 13:26:41');
INSERT INTO `friendship` (`user_id`, `friend_id`, `status_id`, `requested_at`, `confirmed_at`, `created_at`, `updated_at`) VALUES (166, 166, 167, '2000-05-24 17:41:27', '1978-07-06 08:38:09', '2004-08-15 19:23:51', '1999-02-02 01:19:37');
INSERT INTO `friendship` (`user_id`, `friend_id`, `status_id`, `requested_at`, `confirmed_at`, `created_at`, `updated_at`) VALUES (167, 167, 168, '1986-07-17 00:39:48', '1991-06-10 14:59:18', '2013-11-29 00:13:53', '1977-11-04 09:48:58');
INSERT INTO `friendship` (`user_id`, `friend_id`, `status_id`, `requested_at`, `confirmed_at`, `created_at`, `updated_at`) VALUES (168, 168, 169, '2018-06-07 05:18:33', '2001-05-25 15:28:59', '2013-07-28 09:45:05', '1980-08-23 21:51:33');
INSERT INTO `friendship` (`user_id`, `friend_id`, `status_id`, `requested_at`, `confirmed_at`, `created_at`, `updated_at`) VALUES (169, 169, 170, '2013-06-13 12:00:27', '1997-04-09 20:19:46', '2006-04-23 17:41:32', '2018-03-11 13:18:45');
INSERT INTO `friendship` (`user_id`, `friend_id`, `status_id`, `requested_at`, `confirmed_at`, `created_at`, `updated_at`) VALUES (170, 170, 171, '1985-07-04 11:45:28', '2013-01-03 02:42:47', '1998-09-10 15:10:57', '1999-10-23 09:12:44');
INSERT INTO `friendship` (`user_id`, `friend_id`, `status_id`, `requested_at`, `confirmed_at`, `created_at`, `updated_at`) VALUES (171, 171, 172, '1987-12-22 09:31:29', '2014-04-30 17:20:30', '1999-08-05 04:13:30', '2002-05-17 21:16:04');
INSERT INTO `friendship` (`user_id`, `friend_id`, `status_id`, `requested_at`, `confirmed_at`, `created_at`, `updated_at`) VALUES (172, 172, 173, '2008-08-29 22:26:22', '1970-05-25 05:29:32', '1994-05-18 11:46:32', '1982-09-22 08:50:24');
INSERT INTO `friendship` (`user_id`, `friend_id`, `status_id`, `requested_at`, `confirmed_at`, `created_at`, `updated_at`) VALUES (173, 173, 174, '2003-01-17 06:19:44', '1980-11-20 10:38:15', '1977-07-01 15:23:37', '2003-09-13 04:17:29');
INSERT INTO `friendship` (`user_id`, `friend_id`, `status_id`, `requested_at`, `confirmed_at`, `created_at`, `updated_at`) VALUES (174, 174, 175, '2007-12-08 01:09:31', '1975-06-29 01:20:14', '2011-10-05 05:06:57', '1997-02-24 06:07:53');
INSERT INTO `friendship` (`user_id`, `friend_id`, `status_id`, `requested_at`, `confirmed_at`, `created_at`, `updated_at`) VALUES (175, 175, 176, '1998-05-09 11:20:19', '1978-09-10 17:14:44', '2008-10-20 03:17:17', '2001-09-18 18:58:41');
INSERT INTO `friendship` (`user_id`, `friend_id`, `status_id`, `requested_at`, `confirmed_at`, `created_at`, `updated_at`) VALUES (176, 176, 177, '2011-09-16 17:35:50', '2003-10-25 00:45:52', '1980-04-21 03:24:05', '2011-05-02 12:21:11');
INSERT INTO `friendship` (`user_id`, `friend_id`, `status_id`, `requested_at`, `confirmed_at`, `created_at`, `updated_at`) VALUES (177, 177, 178, '2004-03-01 20:50:22', '2011-10-08 18:56:26', '1987-07-28 04:07:09', '1974-08-07 21:04:53');
INSERT INTO `friendship` (`user_id`, `friend_id`, `status_id`, `requested_at`, `confirmed_at`, `created_at`, `updated_at`) VALUES (178, 178, 179, '2003-01-24 10:42:31', '1997-10-03 18:46:32', '2019-07-05 13:46:50', '2001-12-20 01:40:51');
INSERT INTO `friendship` (`user_id`, `friend_id`, `status_id`, `requested_at`, `confirmed_at`, `created_at`, `updated_at`) VALUES (179, 179, 180, '2011-02-24 00:20:24', '1970-01-05 02:02:51', '1973-12-31 23:16:46', '1980-05-24 11:32:09');
INSERT INTO `friendship` (`user_id`, `friend_id`, `status_id`, `requested_at`, `confirmed_at`, `created_at`, `updated_at`) VALUES (180, 180, 181, '1973-11-12 11:33:05', '2008-12-01 04:11:53', '1995-09-03 02:43:59', '1985-11-18 22:49:47');
INSERT INTO `friendship` (`user_id`, `friend_id`, `status_id`, `requested_at`, `confirmed_at`, `created_at`, `updated_at`) VALUES (181, 181, 182, '1994-12-11 11:52:30', '2019-11-14 23:26:02', '1995-04-19 02:30:42', '2009-04-30 11:22:20');
INSERT INTO `friendship` (`user_id`, `friend_id`, `status_id`, `requested_at`, `confirmed_at`, `created_at`, `updated_at`) VALUES (182, 182, 183, '2013-02-28 18:38:07', '1989-04-26 12:25:21', '2011-07-25 20:04:46', '1974-05-14 23:13:05');
INSERT INTO `friendship` (`user_id`, `friend_id`, `status_id`, `requested_at`, `confirmed_at`, `created_at`, `updated_at`) VALUES (183, 183, 184, '1986-07-28 15:47:50', '2005-08-08 12:05:31', '1994-05-08 18:22:16', '1982-05-19 16:35:32');
INSERT INTO `friendship` (`user_id`, `friend_id`, `status_id`, `requested_at`, `confirmed_at`, `created_at`, `updated_at`) VALUES (184, 184, 185, '1980-08-21 15:36:50', '2007-04-17 09:05:15', '2005-12-10 21:44:41', '2016-06-16 20:33:14');
INSERT INTO `friendship` (`user_id`, `friend_id`, `status_id`, `requested_at`, `confirmed_at`, `created_at`, `updated_at`) VALUES (185, 185, 186, '2002-06-03 06:45:56', '2001-04-21 11:04:04', '1998-10-13 01:48:19', '1987-02-20 10:07:20');
INSERT INTO `friendship` (`user_id`, `friend_id`, `status_id`, `requested_at`, `confirmed_at`, `created_at`, `updated_at`) VALUES (186, 186, 187, '1972-04-02 08:58:50', '1980-10-26 16:22:03', '1977-05-28 06:44:00', '2005-01-18 07:47:36');
INSERT INTO `friendship` (`user_id`, `friend_id`, `status_id`, `requested_at`, `confirmed_at`, `created_at`, `updated_at`) VALUES (187, 187, 188, '1973-10-14 16:59:45', '2012-04-22 17:02:14', '1975-11-29 01:53:53', '1987-11-20 12:17:01');
INSERT INTO `friendship` (`user_id`, `friend_id`, `status_id`, `requested_at`, `confirmed_at`, `created_at`, `updated_at`) VALUES (188, 188, 189, '2014-04-29 20:19:24', '1982-06-19 10:22:31', '2002-04-30 10:14:41', '1980-09-21 11:08:01');
INSERT INTO `friendship` (`user_id`, `friend_id`, `status_id`, `requested_at`, `confirmed_at`, `created_at`, `updated_at`) VALUES (189, 189, 190, '1975-06-04 02:34:19', '1970-03-02 08:29:55', '1975-08-07 11:31:16', '2020-09-01 03:24:11');
INSERT INTO `friendship` (`user_id`, `friend_id`, `status_id`, `requested_at`, `confirmed_at`, `created_at`, `updated_at`) VALUES (190, 190, 191, '1980-02-29 10:54:49', '2005-07-27 08:38:58', '1990-07-01 15:41:12', '1976-12-23 01:41:04');
INSERT INTO `friendship` (`user_id`, `friend_id`, `status_id`, `requested_at`, `confirmed_at`, `created_at`, `updated_at`) VALUES (191, 191, 192, '1990-08-27 23:08:00', '2006-03-05 21:51:54', '2001-01-06 12:20:41', '2010-04-09 08:01:24');
INSERT INTO `friendship` (`user_id`, `friend_id`, `status_id`, `requested_at`, `confirmed_at`, `created_at`, `updated_at`) VALUES (192, 192, 193, '1985-11-22 12:40:52', '2004-09-18 10:31:12', '1984-01-13 17:52:12', '1985-02-18 10:32:53');
INSERT INTO `friendship` (`user_id`, `friend_id`, `status_id`, `requested_at`, `confirmed_at`, `created_at`, `updated_at`) VALUES (193, 193, 194, '2010-01-29 17:55:17', '2019-12-26 17:57:40', '2001-06-30 12:10:52', '2007-02-11 03:27:38');
INSERT INTO `friendship` (`user_id`, `friend_id`, `status_id`, `requested_at`, `confirmed_at`, `created_at`, `updated_at`) VALUES (194, 194, 195, '1974-06-18 01:37:49', '1988-04-27 13:58:25', '1993-04-21 02:27:26', '1986-10-05 04:58:52');
INSERT INTO `friendship` (`user_id`, `friend_id`, `status_id`, `requested_at`, `confirmed_at`, `created_at`, `updated_at`) VALUES (195, 195, 196, '2016-12-24 19:03:47', '1970-10-24 19:38:04', '1998-06-12 08:25:37', '2019-04-05 00:02:44');
INSERT INTO `friendship` (`user_id`, `friend_id`, `status_id`, `requested_at`, `confirmed_at`, `created_at`, `updated_at`) VALUES (196, 196, 197, '1984-05-14 18:57:13', '2014-10-23 23:08:36', '1978-04-18 00:04:17', '1979-04-05 12:21:29');
INSERT INTO `friendship` (`user_id`, `friend_id`, `status_id`, `requested_at`, `confirmed_at`, `created_at`, `updated_at`) VALUES (197, 197, 198, '2001-03-04 07:23:17', '1980-07-08 11:37:09', '1993-04-11 10:13:16', '1972-12-09 10:34:45');
INSERT INTO `friendship` (`user_id`, `friend_id`, `status_id`, `requested_at`, `confirmed_at`, `created_at`, `updated_at`) VALUES (198, 198, 199, '2014-05-28 04:15:06', '2012-04-24 07:24:54', '2001-04-04 20:00:57', '1999-05-03 01:46:52');
INSERT INTO `friendship` (`user_id`, `friend_id`, `status_id`, `requested_at`, `confirmed_at`, `created_at`, `updated_at`) VALUES (199, 199, 200, '2011-07-02 15:47:28', '2013-08-21 01:18:33', '2013-03-05 00:37:14', '1992-05-17 15:52:14');


#
# TABLE STRUCTURE FOR: friendship_statuses
#

DROP TABLE IF EXISTS `friendship_statuses`;

CREATE TABLE `friendship_statuses` (
  `id` int(10) unsigned NOT NULL AUTO_INCREMENT,
  `name` varchar(150) COLLATE utf8_unicode_ci NOT NULL,
  `created_at` datetime DEFAULT current_timestamp(),
  `updated_at` datetime DEFAULT current_timestamp() ON UPDATE current_timestamp(),
  PRIMARY KEY (`id`),
  UNIQUE KEY `name` (`name`)
) ENGINE=InnoDB AUTO_INCREMENT=201 DEFAULT CHARSET=utf8 COLLATE=utf8_unicode_ci;

INSERT INTO `friendship_statuses` (`id`, `name`, `created_at`, `updated_at`) VALUES (101, 'aut', '1979-01-11 13:33:19', '1994-11-24 02:59:47');
INSERT INTO `friendship_statuses` (`id`, `name`, `created_at`, `updated_at`) VALUES (102, 'placeat', '1980-10-03 06:31:48', '1973-03-11 20:12:58');
INSERT INTO `friendship_statuses` (`id`, `name`, `created_at`, `updated_at`) VALUES (103, 'sit', '2001-05-14 18:20:02', '1986-05-24 00:23:23');
INSERT INTO `friendship_statuses` (`id`, `name`, `created_at`, `updated_at`) VALUES (104, 'facilis', '2000-04-22 23:37:07', '1987-12-07 11:31:15');
INSERT INTO `friendship_statuses` (`id`, `name`, `created_at`, `updated_at`) VALUES (105, 'quas', '1971-01-05 09:18:19', '1989-06-07 15:25:12');
INSERT INTO `friendship_statuses` (`id`, `name`, `created_at`, `updated_at`) VALUES (106, 'iusto', '2011-11-22 15:08:58', '2007-01-01 01:24:17');
INSERT INTO `friendship_statuses` (`id`, `name`, `created_at`, `updated_at`) VALUES (107, 'autem', '1974-03-22 21:08:07', '1972-02-22 14:01:11');
INSERT INTO `friendship_statuses` (`id`, `name`, `created_at`, `updated_at`) VALUES (108, 'nihil', '2019-05-26 14:47:00', '1994-08-09 15:01:13');
INSERT INTO `friendship_statuses` (`id`, `name`, `created_at`, `updated_at`) VALUES (109, 'et', '1980-08-05 05:53:32', '1998-11-03 09:09:25');
INSERT INTO `friendship_statuses` (`id`, `name`, `created_at`, `updated_at`) VALUES (110, 'dignissimos', '2013-04-18 18:52:28', '1971-08-02 14:38:02');
INSERT INTO `friendship_statuses` (`id`, `name`, `created_at`, `updated_at`) VALUES (111, 'magnam', '2003-03-20 04:55:35', '1983-10-28 19:56:05');
INSERT INTO `friendship_statuses` (`id`, `name`, `created_at`, `updated_at`) VALUES (112, 'quos', '2004-01-31 09:24:03', '1972-12-07 21:23:31');
INSERT INTO `friendship_statuses` (`id`, `name`, `created_at`, `updated_at`) VALUES (113, 'quis', '1979-06-27 16:40:25', '1991-09-05 23:15:56');
INSERT INTO `friendship_statuses` (`id`, `name`, `created_at`, `updated_at`) VALUES (114, 'explicabo', '2005-05-20 11:57:49', '2002-07-15 05:00:09');
INSERT INTO `friendship_statuses` (`id`, `name`, `created_at`, `updated_at`) VALUES (115, 'ipsam', '1985-04-24 01:35:23', '1986-02-03 19:35:56');
INSERT INTO `friendship_statuses` (`id`, `name`, `created_at`, `updated_at`) VALUES (116, 'dolor', '1999-02-03 05:42:57', '1974-12-23 02:14:08');
INSERT INTO `friendship_statuses` (`id`, `name`, `created_at`, `updated_at`) VALUES (117, 'voluptas', '1997-04-28 09:07:40', '1982-12-03 12:22:21');
INSERT INTO `friendship_statuses` (`id`, `name`, `created_at`, `updated_at`) VALUES (118, 'quae', '1986-09-03 20:52:53', '1984-05-28 09:57:24');
INSERT INTO `friendship_statuses` (`id`, `name`, `created_at`, `updated_at`) VALUES (119, 'in', '1975-12-12 21:54:15', '1975-12-30 04:19:54');
INSERT INTO `friendship_statuses` (`id`, `name`, `created_at`, `updated_at`) VALUES (120, 'sapiente', '1987-07-21 06:41:01', '2016-06-28 02:46:09');
INSERT INTO `friendship_statuses` (`id`, `name`, `created_at`, `updated_at`) VALUES (121, 'accusamus', '2008-07-15 13:15:18', '1985-04-21 13:42:39');
INSERT INTO `friendship_statuses` (`id`, `name`, `created_at`, `updated_at`) VALUES (122, 'aliquid', '1972-05-10 10:50:22', '2012-01-09 14:34:15');
INSERT INTO `friendship_statuses` (`id`, `name`, `created_at`, `updated_at`) VALUES (123, 'enim', '2015-04-10 10:26:54', '2019-04-27 18:01:07');
INSERT INTO `friendship_statuses` (`id`, `name`, `created_at`, `updated_at`) VALUES (124, 'vel', '2020-10-28 04:58:22', '1994-11-23 22:39:18');
INSERT INTO `friendship_statuses` (`id`, `name`, `created_at`, `updated_at`) VALUES (125, 'quasi', '1991-10-25 10:05:10', '1979-08-21 11:08:50');
INSERT INTO `friendship_statuses` (`id`, `name`, `created_at`, `updated_at`) VALUES (126, 'quidem', '1994-04-07 07:21:46', '1971-09-30 01:49:26');
INSERT INTO `friendship_statuses` (`id`, `name`, `created_at`, `updated_at`) VALUES (127, 'voluptates', '2018-02-11 15:48:33', '2015-01-31 03:03:43');
INSERT INTO `friendship_statuses` (`id`, `name`, `created_at`, `updated_at`) VALUES (128, 'quod', '1985-04-15 16:28:55', '2011-07-11 07:08:27');
INSERT INTO `friendship_statuses` (`id`, `name`, `created_at`, `updated_at`) VALUES (129, 'commodi', '1989-08-06 00:59:58', '2014-09-15 03:38:14');
INSERT INTO `friendship_statuses` (`id`, `name`, `created_at`, `updated_at`) VALUES (130, 'laborum', '2014-07-11 19:32:52', '1986-09-26 19:49:16');
INSERT INTO `friendship_statuses` (`id`, `name`, `created_at`, `updated_at`) VALUES (131, 'expedita', '1978-04-19 07:10:52', '2011-10-21 13:17:15');
INSERT INTO `friendship_statuses` (`id`, `name`, `created_at`, `updated_at`) VALUES (132, 'consequatur', '2013-05-25 20:09:28', '1993-12-26 03:56:34');
INSERT INTO `friendship_statuses` (`id`, `name`, `created_at`, `updated_at`) VALUES (133, 'reiciendis', '1995-09-23 04:59:01', '2001-08-29 09:04:06');
INSERT INTO `friendship_statuses` (`id`, `name`, `created_at`, `updated_at`) VALUES (134, 'ratione', '1994-12-29 07:28:09', '2019-07-12 03:33:14');
INSERT INTO `friendship_statuses` (`id`, `name`, `created_at`, `updated_at`) VALUES (135, 'unde', '1985-01-17 20:27:45', '2019-01-28 07:26:49');
INSERT INTO `friendship_statuses` (`id`, `name`, `created_at`, `updated_at`) VALUES (136, 'illum', '1977-06-16 01:43:14', '1999-12-31 00:44:20');
INSERT INTO `friendship_statuses` (`id`, `name`, `created_at`, `updated_at`) VALUES (137, 'ea', '1991-10-24 08:11:58', '2000-09-12 21:57:58');
INSERT INTO `friendship_statuses` (`id`, `name`, `created_at`, `updated_at`) VALUES (138, 'quia', '1975-11-30 08:01:04', '1984-12-12 14:49:41');
INSERT INTO `friendship_statuses` (`id`, `name`, `created_at`, `updated_at`) VALUES (139, 'sed', '2016-11-26 11:06:10', '1984-03-10 22:06:26');
INSERT INTO `friendship_statuses` (`id`, `name`, `created_at`, `updated_at`) VALUES (140, 'ex', '1983-10-31 08:17:03', '1991-09-16 17:47:22');
INSERT INTO `friendship_statuses` (`id`, `name`, `created_at`, `updated_at`) VALUES (141, 'corrupti', '1996-03-07 02:48:21', '2014-12-19 00:04:50');
INSERT INTO `friendship_statuses` (`id`, `name`, `created_at`, `updated_at`) VALUES (142, 'tenetur', '1987-05-22 07:04:40', '1980-10-30 07:49:55');
INSERT INTO `friendship_statuses` (`id`, `name`, `created_at`, `updated_at`) VALUES (143, 'beatae', '1999-03-19 23:47:49', '1988-03-21 13:40:06');
INSERT INTO `friendship_statuses` (`id`, `name`, `created_at`, `updated_at`) VALUES (144, 'natus', '1979-08-18 19:07:18', '2020-07-07 02:24:56');
INSERT INTO `friendship_statuses` (`id`, `name`, `created_at`, `updated_at`) VALUES (145, 'nostrum', '1988-04-24 05:39:23', '1996-02-19 13:46:51');
INSERT INTO `friendship_statuses` (`id`, `name`, `created_at`, `updated_at`) VALUES (146, 'excepturi', '2003-03-03 10:08:56', '1987-11-28 20:05:17');
INSERT INTO `friendship_statuses` (`id`, `name`, `created_at`, `updated_at`) VALUES (147, 'ipsa', '1973-04-10 03:57:57', '2010-04-18 19:21:05');
INSERT INTO `friendship_statuses` (`id`, `name`, `created_at`, `updated_at`) VALUES (148, 'perferendis', '2006-11-27 14:41:28', '2003-05-28 11:32:29');
INSERT INTO `friendship_statuses` (`id`, `name`, `created_at`, `updated_at`) VALUES (149, 'est', '2018-04-04 23:47:31', '1995-01-11 07:21:41');
INSERT INTO `friendship_statuses` (`id`, `name`, `created_at`, `updated_at`) VALUES (150, 'modi', '1981-07-31 00:23:04', '2002-02-06 14:05:49');
INSERT INTO `friendship_statuses` (`id`, `name`, `created_at`, `updated_at`) VALUES (151, 'dolores', '2010-12-31 04:59:13', '2007-03-11 16:01:27');
INSERT INTO `friendship_statuses` (`id`, `name`, `created_at`, `updated_at`) VALUES (152, 'cumque', '1977-02-23 20:21:59', '2002-07-16 19:41:52');
INSERT INTO `friendship_statuses` (`id`, `name`, `created_at`, `updated_at`) VALUES (153, 'reprehenderit', '1986-05-30 15:01:32', '2006-03-07 13:52:17');
INSERT INTO `friendship_statuses` (`id`, `name`, `created_at`, `updated_at`) VALUES (154, 'aliquam', '1970-11-28 04:10:28', '2019-02-09 09:11:15');
INSERT INTO `friendship_statuses` (`id`, `name`, `created_at`, `updated_at`) VALUES (155, 'voluptatem', '1988-01-11 23:07:46', '1972-01-02 22:41:19');
INSERT INTO `friendship_statuses` (`id`, `name`, `created_at`, `updated_at`) VALUES (156, 'fugiat', '1992-07-04 06:25:47', '2006-01-06 06:17:59');
INSERT INTO `friendship_statuses` (`id`, `name`, `created_at`, `updated_at`) VALUES (157, 'dolorum', '2004-01-06 10:25:33', '2003-12-13 16:37:07');
INSERT INTO `friendship_statuses` (`id`, `name`, `created_at`, `updated_at`) VALUES (158, 'maiores', '1974-12-07 07:22:19', '1977-11-13 07:55:02');
INSERT INTO `friendship_statuses` (`id`, `name`, `created_at`, `updated_at`) VALUES (159, 'qui', '1977-01-19 17:58:44', '2018-09-16 20:20:59');
INSERT INTO `friendship_statuses` (`id`, `name`, `created_at`, `updated_at`) VALUES (160, 'officiis', '1978-12-28 07:36:39', '1993-12-09 04:55:32');
INSERT INTO `friendship_statuses` (`id`, `name`, `created_at`, `updated_at`) VALUES (161, 'a', '1995-09-20 16:15:18', '1972-06-28 13:16:44');
INSERT INTO `friendship_statuses` (`id`, `name`, `created_at`, `updated_at`) VALUES (162, 'dolorem', '1970-06-24 09:04:16', '2014-11-21 15:51:02');
INSERT INTO `friendship_statuses` (`id`, `name`, `created_at`, `updated_at`) VALUES (163, 'consequuntur', '2004-09-20 22:17:01', '1976-05-28 10:49:44');
INSERT INTO `friendship_statuses` (`id`, `name`, `created_at`, `updated_at`) VALUES (164, 'amet', '2018-09-26 15:23:12', '2006-05-04 03:48:12');
INSERT INTO `friendship_statuses` (`id`, `name`, `created_at`, `updated_at`) VALUES (165, 'maxime', '2004-05-20 00:51:30', '2010-08-18 07:54:47');
INSERT INTO `friendship_statuses` (`id`, `name`, `created_at`, `updated_at`) VALUES (166, 'corporis', '1973-07-06 04:37:54', '2007-03-16 11:48:18');
INSERT INTO `friendship_statuses` (`id`, `name`, `created_at`, `updated_at`) VALUES (167, 'necessitatibus', '1997-12-21 10:33:42', '2002-01-13 05:35:07');
INSERT INTO `friendship_statuses` (`id`, `name`, `created_at`, `updated_at`) VALUES (168, 'molestias', '1984-10-08 11:44:18', '2006-06-08 13:11:44');
INSERT INTO `friendship_statuses` (`id`, `name`, `created_at`, `updated_at`) VALUES (169, 'molestiae', '1999-02-01 18:38:19', '1972-02-10 10:21:19');
INSERT INTO `friendship_statuses` (`id`, `name`, `created_at`, `updated_at`) VALUES (170, 'iure', '2005-05-29 18:39:48', '1978-08-20 17:31:20');
INSERT INTO `friendship_statuses` (`id`, `name`, `created_at`, `updated_at`) VALUES (171, 'non', '1974-08-08 09:31:02', '2001-06-05 17:18:38');
INSERT INTO `friendship_statuses` (`id`, `name`, `created_at`, `updated_at`) VALUES (172, 'rerum', '2006-01-22 16:39:34', '1991-08-11 01:26:31');
INSERT INTO `friendship_statuses` (`id`, `name`, `created_at`, `updated_at`) VALUES (173, 'quo', '1996-06-24 18:25:20', '1990-03-19 01:26:09');
INSERT INTO `friendship_statuses` (`id`, `name`, `created_at`, `updated_at`) VALUES (174, 'neque', '2006-09-09 10:34:28', '1988-05-07 07:48:57');
INSERT INTO `friendship_statuses` (`id`, `name`, `created_at`, `updated_at`) VALUES (175, 'possimus', '2019-05-04 21:47:46', '1987-11-27 11:39:18');
INSERT INTO `friendship_statuses` (`id`, `name`, `created_at`, `updated_at`) VALUES (176, 'ad', '1985-03-03 18:26:21', '1983-10-21 07:10:35');
INSERT INTO `friendship_statuses` (`id`, `name`, `created_at`, `updated_at`) VALUES (177, 'dolore', '1973-02-14 12:59:35', '1976-04-07 08:01:18');
INSERT INTO `friendship_statuses` (`id`, `name`, `created_at`, `updated_at`) VALUES (178, 'magni', '1985-07-11 07:28:51', '1987-03-08 09:24:52');
INSERT INTO `friendship_statuses` (`id`, `name`, `created_at`, `updated_at`) VALUES (179, 'repudiandae', '1986-11-22 21:49:17', '1971-09-13 22:02:18');
INSERT INTO `friendship_statuses` (`id`, `name`, `created_at`, `updated_at`) VALUES (180, 'impedit', '1984-12-31 23:52:53', '2004-12-19 18:13:36');
INSERT INTO `friendship_statuses` (`id`, `name`, `created_at`, `updated_at`) VALUES (181, 'soluta', '1974-09-03 14:46:27', '2013-10-05 17:29:41');
INSERT INTO `friendship_statuses` (`id`, `name`, `created_at`, `updated_at`) VALUES (182, 'atque', '2016-10-08 18:27:36', '1983-11-27 06:06:44');
INSERT INTO `friendship_statuses` (`id`, `name`, `created_at`, `updated_at`) VALUES (183, 'omnis', '2016-10-26 14:18:35', '2002-07-08 00:24:22');
INSERT INTO `friendship_statuses` (`id`, `name`, `created_at`, `updated_at`) VALUES (184, 'quibusdam', '1983-07-08 16:22:44', '1974-06-11 04:43:42');
INSERT INTO `friendship_statuses` (`id`, `name`, `created_at`, `updated_at`) VALUES (185, 'minus', '2002-03-19 03:06:22', '2016-02-01 07:13:29');
INSERT INTO `friendship_statuses` (`id`, `name`, `created_at`, `updated_at`) VALUES (186, 'aperiam', '1987-12-21 02:22:38', '2020-05-12 04:55:22');
INSERT INTO `friendship_statuses` (`id`, `name`, `created_at`, `updated_at`) VALUES (187, 'provident', '2006-11-02 12:26:48', '1993-06-07 03:16:54');
INSERT INTO `friendship_statuses` (`id`, `name`, `created_at`, `updated_at`) VALUES (188, 'quam', '1974-12-22 16:20:22', '2010-12-28 20:31:08');
INSERT INTO `friendship_statuses` (`id`, `name`, `created_at`, `updated_at`) VALUES (189, 'facere', '2000-04-10 15:57:27', '1978-02-24 13:14:07');
INSERT INTO `friendship_statuses` (`id`, `name`, `created_at`, `updated_at`) VALUES (190, 'ut', '2011-09-12 03:36:57', '1978-12-01 07:50:53');
INSERT INTO `friendship_statuses` (`id`, `name`, `created_at`, `updated_at`) VALUES (191, 'repellendus', '1989-01-17 05:06:25', '1991-03-25 19:31:23');
INSERT INTO `friendship_statuses` (`id`, `name`, `created_at`, `updated_at`) VALUES (192, 'nam', '2001-06-13 08:54:07', '1974-11-25 00:33:16');
INSERT INTO `friendship_statuses` (`id`, `name`, `created_at`, `updated_at`) VALUES (193, 'porro', '2001-11-21 21:11:19', '1974-01-27 14:59:23');
INSERT INTO `friendship_statuses` (`id`, `name`, `created_at`, `updated_at`) VALUES (194, 'doloribus', '1999-06-20 16:31:33', '2007-05-13 14:04:30');
INSERT INTO `friendship_statuses` (`id`, `name`, `created_at`, `updated_at`) VALUES (195, 'consectetur', '2014-01-18 22:04:17', '1991-05-06 20:46:20');
INSERT INTO `friendship_statuses` (`id`, `name`, `created_at`, `updated_at`) VALUES (196, 'suscipit', '2003-04-21 02:30:13', '1980-01-10 23:17:56');
INSERT INTO `friendship_statuses` (`id`, `name`, `created_at`, `updated_at`) VALUES (197, 'similique', '2006-01-21 20:45:33', '2010-05-15 02:26:21');
INSERT INTO `friendship_statuses` (`id`, `name`, `created_at`, `updated_at`) VALUES (198, 'at', '1973-11-12 08:46:25', '2013-06-13 20:50:25');
INSERT INTO `friendship_statuses` (`id`, `name`, `created_at`, `updated_at`) VALUES (199, 'itaque', '1985-04-22 19:18:45', '1977-06-16 07:47:44');
INSERT INTO `friendship_statuses` (`id`, `name`, `created_at`, `updated_at`) VALUES (200, 'eum', '1994-04-17 01:40:21', '2009-08-30 14:28:31');


#
# TABLE STRUCTURE FOR: media
#

DROP TABLE IF EXISTS `media`;

CREATE TABLE `media` (
  `id` int(10) unsigned NOT NULL AUTO_INCREMENT,
  `media_type_id` int(10) unsigned NOT NULL,
  `users_id` int(10) unsigned NOT NULL,
  `filename` varchar(255) COLLATE utf8_unicode_ci NOT NULL,
  `size` int(11) NOT NULL,
  `metadata` longtext CHARACTER SET utf8mb4 COLLATE utf8mb4_bin DEFAULT NULL,
  `created_at` datetime DEFAULT current_timestamp(),
  `updated_at` datetime DEFAULT current_timestamp() ON UPDATE current_timestamp(),
  PRIMARY KEY (`id`)
) ENGINE=InnoDB AUTO_INCREMENT=201 DEFAULT CHARSET=utf8 COLLATE=utf8_unicode_ci;

INSERT INTO `media` (`id`, `media_type_id`, `users_id`, `filename`, `size`, `metadata`, `created_at`, `updated_at`) VALUES (101, 101, 100, 'ad', 991, '2014-02-12', '1978-03-15 13:00:58', '1985-12-09 00:35:37');
INSERT INTO `media` (`id`, `media_type_id`, `users_id`, `filename`, `size`, `metadata`, `created_at`, `updated_at`) VALUES (102, 102, 101, 'autem', 0, '1980-01-08', '1983-05-13 17:13:36', '1997-11-20 20:37:03');
INSERT INTO `media` (`id`, `media_type_id`, `users_id`, `filename`, `size`, `metadata`, `created_at`, `updated_at`) VALUES (103, 103, 102, 'consequuntur', 0, '2011-10-23', '2006-11-25 11:04:41', '2012-03-20 06:57:45');
INSERT INTO `media` (`id`, `media_type_id`, `users_id`, `filename`, `size`, `metadata`, `created_at`, `updated_at`) VALUES (104, 104, 103, 'sed', 71748, '2010-09-18', '2006-12-25 07:32:36', '1991-07-09 19:36:35');
INSERT INTO `media` (`id`, `media_type_id`, `users_id`, `filename`, `size`, `metadata`, `created_at`, `updated_at`) VALUES (105, 105, 104, 'quam', 403558, '2018-05-06', '1997-11-25 07:19:28', '1972-12-04 03:07:36');
INSERT INTO `media` (`id`, `media_type_id`, `users_id`, `filename`, `size`, `metadata`, `created_at`, `updated_at`) VALUES (106, 106, 105, 'et', 24840, '1976-02-02', '1999-12-07 02:08:00', '2008-02-21 14:20:23');
INSERT INTO `media` (`id`, `media_type_id`, `users_id`, `filename`, `size`, `metadata`, `created_at`, `updated_at`) VALUES (107, 107, 106, 'a', 6, '2012-10-16', '2013-12-20 00:40:53', '1989-11-10 21:21:25');
INSERT INTO `media` (`id`, `media_type_id`, `users_id`, `filename`, `size`, `metadata`, `created_at`, `updated_at`) VALUES (108, 108, 107, 'delectus', 27225420, '2012-03-27', '1975-05-17 01:18:41', '2003-06-30 00:39:55');
INSERT INTO `media` (`id`, `media_type_id`, `users_id`, `filename`, `size`, `metadata`, `created_at`, `updated_at`) VALUES (109, 109, 108, 'sit', 7426217, '2002-07-18', '1987-11-22 04:00:19', '2012-04-15 21:15:36');
INSERT INTO `media` (`id`, `media_type_id`, `users_id`, `filename`, `size`, `metadata`, `created_at`, `updated_at`) VALUES (110, 110, 109, 'ea', 0, '1986-06-04', '1998-08-12 12:37:03', '1981-06-20 11:59:39');
INSERT INTO `media` (`id`, `media_type_id`, `users_id`, `filename`, `size`, `metadata`, `created_at`, `updated_at`) VALUES (111, 111, 110, 'consequatur', 2, '2000-10-22', '1980-07-28 23:20:05', '1984-11-19 06:18:49');
INSERT INTO `media` (`id`, `media_type_id`, `users_id`, `filename`, `size`, `metadata`, `created_at`, `updated_at`) VALUES (112, 112, 111, 'maiores', 4, '1985-03-13', '2005-06-12 17:38:32', '2003-01-16 20:07:23');
INSERT INTO `media` (`id`, `media_type_id`, `users_id`, `filename`, `size`, `metadata`, `created_at`, `updated_at`) VALUES (113, 113, 112, 'est', 59174, '1972-08-02', '2012-08-05 13:13:09', '2016-02-20 08:39:50');
INSERT INTO `media` (`id`, `media_type_id`, `users_id`, `filename`, `size`, `metadata`, `created_at`, `updated_at`) VALUES (114, 114, 113, 'veritatis', 396, '1978-02-21', '1981-03-28 18:10:08', '2009-10-02 03:31:44');
INSERT INTO `media` (`id`, `media_type_id`, `users_id`, `filename`, `size`, `metadata`, `created_at`, `updated_at`) VALUES (115, 115, 114, 'eum', 995164486, '2019-11-28', '1993-05-30 00:40:37', '1991-10-03 16:32:37');
INSERT INTO `media` (`id`, `media_type_id`, `users_id`, `filename`, `size`, `metadata`, `created_at`, `updated_at`) VALUES (116, 116, 115, 'sed', 579238, '1985-04-01', '2017-01-02 23:20:40', '1988-12-15 23:51:46');
INSERT INTO `media` (`id`, `media_type_id`, `users_id`, `filename`, `size`, `metadata`, `created_at`, `updated_at`) VALUES (117, 117, 116, 'occaecati', 5, '1976-07-18', '1988-06-13 22:32:28', '2002-06-13 03:49:27');
INSERT INTO `media` (`id`, `media_type_id`, `users_id`, `filename`, `size`, `metadata`, `created_at`, `updated_at`) VALUES (118, 118, 117, 'quo', 11, '1989-02-07', '2012-02-18 20:54:37', '1998-02-06 03:45:33');
INSERT INTO `media` (`id`, `media_type_id`, `users_id`, `filename`, `size`, `metadata`, `created_at`, `updated_at`) VALUES (119, 119, 118, 'earum', 18, '1989-04-03', '2009-10-24 12:34:44', '2007-09-30 22:34:01');
INSERT INTO `media` (`id`, `media_type_id`, `users_id`, `filename`, `size`, `metadata`, `created_at`, `updated_at`) VALUES (120, 120, 119, 'necessitatibus', 2404667, '1980-06-08', '2004-09-11 07:21:02', '1970-05-29 01:42:49');
INSERT INTO `media` (`id`, `media_type_id`, `users_id`, `filename`, `size`, `metadata`, `created_at`, `updated_at`) VALUES (121, 121, 120, 'culpa', 928288834, '2005-03-27', '1970-10-09 05:04:21', '1982-10-07 10:01:56');
INSERT INTO `media` (`id`, `media_type_id`, `users_id`, `filename`, `size`, `metadata`, `created_at`, `updated_at`) VALUES (122, 122, 121, 'est', 6, '2001-05-23', '2015-02-21 12:15:08', '1995-07-07 09:49:07');
INSERT INTO `media` (`id`, `media_type_id`, `users_id`, `filename`, `size`, `metadata`, `created_at`, `updated_at`) VALUES (123, 123, 122, 'iusto', 56568305, '1980-08-04', '2008-08-21 11:26:07', '1993-07-02 03:26:08');
INSERT INTO `media` (`id`, `media_type_id`, `users_id`, `filename`, `size`, `metadata`, `created_at`, `updated_at`) VALUES (124, 124, 123, 'fuga', 869982955, '1979-06-01', '2008-12-23 15:45:53', '2016-10-22 07:14:45');
INSERT INTO `media` (`id`, `media_type_id`, `users_id`, `filename`, `size`, `metadata`, `created_at`, `updated_at`) VALUES (125, 125, 124, 'ipsum', 60527, '2019-04-07', '2009-01-14 11:10:33', '1997-07-19 08:01:50');
INSERT INTO `media` (`id`, `media_type_id`, `users_id`, `filename`, `size`, `metadata`, `created_at`, `updated_at`) VALUES (126, 126, 125, 'et', 100, '1975-07-29', '1982-05-31 07:18:49', '2006-07-05 09:13:11');
INSERT INTO `media` (`id`, `media_type_id`, `users_id`, `filename`, `size`, `metadata`, `created_at`, `updated_at`) VALUES (127, 127, 126, 'enim', 568550, '1997-08-03', '1993-08-21 02:32:28', '1979-10-11 12:36:26');
INSERT INTO `media` (`id`, `media_type_id`, `users_id`, `filename`, `size`, `metadata`, `created_at`, `updated_at`) VALUES (128, 128, 127, 'nihil', 0, '1971-05-20', '2000-11-12 02:27:46', '1993-02-17 16:33:35');
INSERT INTO `media` (`id`, `media_type_id`, `users_id`, `filename`, `size`, `metadata`, `created_at`, `updated_at`) VALUES (129, 129, 128, 'iure', 3, '1973-09-21', '2020-06-29 07:03:13', '1995-01-16 05:12:33');
INSERT INTO `media` (`id`, `media_type_id`, `users_id`, `filename`, `size`, `metadata`, `created_at`, `updated_at`) VALUES (130, 130, 129, 'illum', 1708, '1997-12-01', '1993-01-14 18:30:57', '2016-05-31 23:21:03');
INSERT INTO `media` (`id`, `media_type_id`, `users_id`, `filename`, `size`, `metadata`, `created_at`, `updated_at`) VALUES (131, 131, 130, 'cum', 77665, '1970-01-23', '1973-10-07 05:22:23', '1981-05-01 02:44:38');
INSERT INTO `media` (`id`, `media_type_id`, `users_id`, `filename`, `size`, `metadata`, `created_at`, `updated_at`) VALUES (132, 132, 131, 'odit', 8674311, '1973-06-05', '1996-12-03 05:33:06', '1992-12-05 10:58:39');
INSERT INTO `media` (`id`, `media_type_id`, `users_id`, `filename`, `size`, `metadata`, `created_at`, `updated_at`) VALUES (133, 133, 132, 'et', 70691, '1982-01-10', '2011-04-22 19:37:21', '1978-03-12 23:47:17');
INSERT INTO `media` (`id`, `media_type_id`, `users_id`, `filename`, `size`, `metadata`, `created_at`, `updated_at`) VALUES (134, 134, 133, 'totam', 0, '2011-04-14', '1988-02-26 20:39:30', '1993-07-01 21:45:20');
INSERT INTO `media` (`id`, `media_type_id`, `users_id`, `filename`, `size`, `metadata`, `created_at`, `updated_at`) VALUES (135, 135, 134, 'voluptatum', 451680, '2002-12-01', '2009-08-19 08:12:35', '2007-06-06 13:12:49');
INSERT INTO `media` (`id`, `media_type_id`, `users_id`, `filename`, `size`, `metadata`, `created_at`, `updated_at`) VALUES (136, 136, 135, 'voluptates', 161963084, '2008-08-16', '1993-05-20 13:48:01', '1980-09-17 16:36:38');
INSERT INTO `media` (`id`, `media_type_id`, `users_id`, `filename`, `size`, `metadata`, `created_at`, `updated_at`) VALUES (137, 137, 136, 'dolorum', 750, '2000-10-08', '1976-11-23 22:36:36', '1993-12-03 05:26:19');
INSERT INTO `media` (`id`, `media_type_id`, `users_id`, `filename`, `size`, `metadata`, `created_at`, `updated_at`) VALUES (138, 138, 137, 'et', 46077923, '1989-05-09', '1990-03-22 00:30:47', '1975-07-22 14:11:51');
INSERT INTO `media` (`id`, `media_type_id`, `users_id`, `filename`, `size`, `metadata`, `created_at`, `updated_at`) VALUES (139, 139, 138, 'veritatis', 72, '2005-08-24', '2004-12-27 21:22:52', '1996-10-09 09:39:38');
INSERT INTO `media` (`id`, `media_type_id`, `users_id`, `filename`, `size`, `metadata`, `created_at`, `updated_at`) VALUES (140, 140, 139, 'iste', 0, '1981-02-08', '2011-02-03 14:44:53', '2019-11-09 15:41:28');
INSERT INTO `media` (`id`, `media_type_id`, `users_id`, `filename`, `size`, `metadata`, `created_at`, `updated_at`) VALUES (141, 141, 140, 'quod', 937, '2011-04-17', '2013-05-14 05:30:28', '2007-06-07 10:14:19');
INSERT INTO `media` (`id`, `media_type_id`, `users_id`, `filename`, `size`, `metadata`, `created_at`, `updated_at`) VALUES (142, 142, 141, 'at', 21071631, '1980-12-17', '1988-08-24 03:48:27', '1972-01-08 17:49:34');
INSERT INTO `media` (`id`, `media_type_id`, `users_id`, `filename`, `size`, `metadata`, `created_at`, `updated_at`) VALUES (143, 143, 142, 'odit', 32311680, '1989-09-24', '2013-06-09 18:50:29', '1982-12-30 01:44:14');
INSERT INTO `media` (`id`, `media_type_id`, `users_id`, `filename`, `size`, `metadata`, `created_at`, `updated_at`) VALUES (144, 144, 143, 'hic', 49, '1982-03-25', '2019-01-19 04:31:05', '2016-12-17 06:37:55');
INSERT INTO `media` (`id`, `media_type_id`, `users_id`, `filename`, `size`, `metadata`, `created_at`, `updated_at`) VALUES (145, 145, 144, 'molestiae', 110, '2005-07-12', '1971-08-27 16:42:42', '1984-07-06 22:14:33');
INSERT INTO `media` (`id`, `media_type_id`, `users_id`, `filename`, `size`, `metadata`, `created_at`, `updated_at`) VALUES (146, 146, 145, 'pariatur', 176, '2008-01-14', '1978-02-22 23:06:50', '2007-08-17 18:10:04');
INSERT INTO `media` (`id`, `media_type_id`, `users_id`, `filename`, `size`, `metadata`, `created_at`, `updated_at`) VALUES (147, 147, 146, 'qui', 89, '1998-06-26', '1979-09-03 18:14:46', '2014-01-07 22:05:15');
INSERT INTO `media` (`id`, `media_type_id`, `users_id`, `filename`, `size`, `metadata`, `created_at`, `updated_at`) VALUES (148, 148, 147, 'labore', 8866, '1973-01-13', '2018-09-30 07:25:30', '1973-06-05 14:11:59');
INSERT INTO `media` (`id`, `media_type_id`, `users_id`, `filename`, `size`, `metadata`, `created_at`, `updated_at`) VALUES (149, 149, 148, 'rerum', 226905391, '1971-12-11', '1976-05-07 17:52:04', '1986-06-26 14:58:44');
INSERT INTO `media` (`id`, `media_type_id`, `users_id`, `filename`, `size`, `metadata`, `created_at`, `updated_at`) VALUES (150, 150, 149, 'quas', 0, '1982-04-27', '2014-09-20 08:10:06', '1986-02-13 05:45:17');
INSERT INTO `media` (`id`, `media_type_id`, `users_id`, `filename`, `size`, `metadata`, `created_at`, `updated_at`) VALUES (151, 151, 150, 'suscipit', 0, '1987-06-16', '1974-02-01 05:22:54', '1988-03-07 07:13:46');
INSERT INTO `media` (`id`, `media_type_id`, `users_id`, `filename`, `size`, `metadata`, `created_at`, `updated_at`) VALUES (152, 152, 151, 'qui', 18165, '1989-07-26', '1990-12-29 18:56:52', '1986-12-05 13:42:05');
INSERT INTO `media` (`id`, `media_type_id`, `users_id`, `filename`, `size`, `metadata`, `created_at`, `updated_at`) VALUES (153, 153, 152, 'autem', 0, '1993-09-16', '1972-03-14 21:21:07', '1985-12-17 12:08:47');
INSERT INTO `media` (`id`, `media_type_id`, `users_id`, `filename`, `size`, `metadata`, `created_at`, `updated_at`) VALUES (154, 154, 153, 'aspernatur', 60, '2017-03-06', '1996-12-31 06:32:16', '1975-08-02 12:23:40');
INSERT INTO `media` (`id`, `media_type_id`, `users_id`, `filename`, `size`, `metadata`, `created_at`, `updated_at`) VALUES (155, 155, 154, 'ut', 97174, '1982-11-28', '1976-05-09 05:39:33', '2013-07-27 01:13:59');
INSERT INTO `media` (`id`, `media_type_id`, `users_id`, `filename`, `size`, `metadata`, `created_at`, `updated_at`) VALUES (156, 156, 155, 'nostrum', 0, '1993-02-28', '1972-05-28 23:31:44', '2006-02-12 01:46:19');
INSERT INTO `media` (`id`, `media_type_id`, `users_id`, `filename`, `size`, `metadata`, `created_at`, `updated_at`) VALUES (157, 157, 156, 'eos', 800767790, '2011-07-12', '2018-09-21 15:20:20', '1975-07-25 06:56:45');
INSERT INTO `media` (`id`, `media_type_id`, `users_id`, `filename`, `size`, `metadata`, `created_at`, `updated_at`) VALUES (158, 158, 157, 'earum', 82610270, '1994-06-22', '1999-03-28 04:57:14', '1997-10-13 20:01:20');
INSERT INTO `media` (`id`, `media_type_id`, `users_id`, `filename`, `size`, `metadata`, `created_at`, `updated_at`) VALUES (159, 159, 158, 'similique', 675891, '1980-04-17', '1979-01-07 16:43:52', '1978-01-31 12:02:58');
INSERT INTO `media` (`id`, `media_type_id`, `users_id`, `filename`, `size`, `metadata`, `created_at`, `updated_at`) VALUES (160, 160, 159, 'illum', 7901453, '2015-06-24', '2009-10-22 17:07:37', '1985-07-01 19:03:20');
INSERT INTO `media` (`id`, `media_type_id`, `users_id`, `filename`, `size`, `metadata`, `created_at`, `updated_at`) VALUES (161, 161, 160, 'autem', 971, '2009-07-09', '1979-03-11 18:51:55', '2019-05-14 09:56:01');
INSERT INTO `media` (`id`, `media_type_id`, `users_id`, `filename`, `size`, `metadata`, `created_at`, `updated_at`) VALUES (162, 162, 161, 'porro', 152969, '2006-01-21', '2005-12-23 12:33:20', '2013-08-10 08:13:09');
INSERT INTO `media` (`id`, `media_type_id`, `users_id`, `filename`, `size`, `metadata`, `created_at`, `updated_at`) VALUES (163, 163, 162, 'saepe', 57261320, '1995-01-23', '1977-09-25 20:27:12', '1971-03-14 17:38:24');
INSERT INTO `media` (`id`, `media_type_id`, `users_id`, `filename`, `size`, `metadata`, `created_at`, `updated_at`) VALUES (164, 164, 163, 'omnis', 81, '2020-09-30', '2011-02-03 19:43:12', '1980-05-09 02:13:10');
INSERT INTO `media` (`id`, `media_type_id`, `users_id`, `filename`, `size`, `metadata`, `created_at`, `updated_at`) VALUES (165, 165, 164, 'excepturi', 363304373, '2001-07-01', '2009-10-27 19:59:08', '1985-03-27 14:03:13');
INSERT INTO `media` (`id`, `media_type_id`, `users_id`, `filename`, `size`, `metadata`, `created_at`, `updated_at`) VALUES (166, 166, 165, 'aut', 24, '2008-05-15', '1987-10-31 12:22:53', '1977-03-04 08:54:02');
INSERT INTO `media` (`id`, `media_type_id`, `users_id`, `filename`, `size`, `metadata`, `created_at`, `updated_at`) VALUES (167, 167, 166, 'voluptatem', 688185842, '1987-11-18', '1974-11-28 18:50:21', '2005-08-02 11:54:45');
INSERT INTO `media` (`id`, `media_type_id`, `users_id`, `filename`, `size`, `metadata`, `created_at`, `updated_at`) VALUES (168, 168, 167, 'deleniti', 4, '1988-12-03', '1986-05-19 17:31:02', '1977-03-27 04:44:33');
INSERT INTO `media` (`id`, `media_type_id`, `users_id`, `filename`, `size`, `metadata`, `created_at`, `updated_at`) VALUES (169, 169, 168, 'alias', 921774, '2009-01-17', '2020-12-18 07:16:03', '1970-03-02 04:53:18');
INSERT INTO `media` (`id`, `media_type_id`, `users_id`, `filename`, `size`, `metadata`, `created_at`, `updated_at`) VALUES (170, 170, 169, 'assumenda', 9333828, '1998-08-04', '2010-02-26 05:42:45', '1991-10-02 09:10:58');
INSERT INTO `media` (`id`, `media_type_id`, `users_id`, `filename`, `size`, `metadata`, `created_at`, `updated_at`) VALUES (171, 171, 170, 'illum', 101, '2016-09-18', '2006-04-30 19:45:53', '1992-12-13 02:11:49');
INSERT INTO `media` (`id`, `media_type_id`, `users_id`, `filename`, `size`, `metadata`, `created_at`, `updated_at`) VALUES (172, 172, 171, 'ipsum', 97627, '1992-07-10', '2020-05-18 23:27:32', '1985-08-05 20:17:08');
INSERT INTO `media` (`id`, `media_type_id`, `users_id`, `filename`, `size`, `metadata`, `created_at`, `updated_at`) VALUES (173, 173, 172, 'et', 89752, '2005-03-07', '2009-01-04 02:55:12', '2014-06-14 03:54:11');
INSERT INTO `media` (`id`, `media_type_id`, `users_id`, `filename`, `size`, `metadata`, `created_at`, `updated_at`) VALUES (174, 174, 173, 'reprehenderit', 3597, '2014-10-19', '1988-12-10 12:46:06', '2012-05-18 16:14:44');
INSERT INTO `media` (`id`, `media_type_id`, `users_id`, `filename`, `size`, `metadata`, `created_at`, `updated_at`) VALUES (175, 175, 174, 'ipsa', 862189969, '1998-07-06', '1976-10-21 17:01:00', '1998-07-18 08:05:38');
INSERT INTO `media` (`id`, `media_type_id`, `users_id`, `filename`, `size`, `metadata`, `created_at`, `updated_at`) VALUES (176, 176, 175, 'esse', 98047, '1994-11-30', '2005-05-12 15:17:54', '2000-10-29 07:53:19');
INSERT INTO `media` (`id`, `media_type_id`, `users_id`, `filename`, `size`, `metadata`, `created_at`, `updated_at`) VALUES (177, 177, 176, 'aperiam', 0, '2000-08-12', '1970-10-29 06:11:27', '1987-06-27 20:11:27');
INSERT INTO `media` (`id`, `media_type_id`, `users_id`, `filename`, `size`, `metadata`, `created_at`, `updated_at`) VALUES (178, 178, 177, 'aliquid', 115347, '2020-08-31', '2010-04-04 17:08:47', '1984-09-23 20:39:11');
INSERT INTO `media` (`id`, `media_type_id`, `users_id`, `filename`, `size`, `metadata`, `created_at`, `updated_at`) VALUES (179, 179, 178, 'sed', 9326, '2011-02-27', '2006-08-31 07:47:40', '1992-06-28 00:41:11');
INSERT INTO `media` (`id`, `media_type_id`, `users_id`, `filename`, `size`, `metadata`, `created_at`, `updated_at`) VALUES (180, 180, 179, 'aperiam', 837301451, '1971-06-05', '1984-04-12 19:31:58', '1974-02-18 04:12:27');
INSERT INTO `media` (`id`, `media_type_id`, `users_id`, `filename`, `size`, `metadata`, `created_at`, `updated_at`) VALUES (181, 181, 180, 'quo', 85122652, '2001-06-17', '1986-05-28 11:09:18', '1989-04-07 19:45:49');
INSERT INTO `media` (`id`, `media_type_id`, `users_id`, `filename`, `size`, `metadata`, `created_at`, `updated_at`) VALUES (182, 182, 181, 'officia', 20675, '2008-01-21', '1990-12-31 18:45:49', '2007-05-28 20:43:13');
INSERT INTO `media` (`id`, `media_type_id`, `users_id`, `filename`, `size`, `metadata`, `created_at`, `updated_at`) VALUES (183, 183, 182, 'aspernatur', 79467, '2009-01-08', '1995-10-10 22:49:09', '2009-02-02 19:37:58');
INSERT INTO `media` (`id`, `media_type_id`, `users_id`, `filename`, `size`, `metadata`, `created_at`, `updated_at`) VALUES (184, 184, 183, 'architecto', 8544372, '1998-02-01', '2017-06-05 08:24:41', '2005-06-30 02:11:50');
INSERT INTO `media` (`id`, `media_type_id`, `users_id`, `filename`, `size`, `metadata`, `created_at`, `updated_at`) VALUES (185, 185, 184, 'fugit', 1488919, '1982-08-19', '1983-04-06 18:16:33', '2007-12-06 02:09:31');
INSERT INTO `media` (`id`, `media_type_id`, `users_id`, `filename`, `size`, `metadata`, `created_at`, `updated_at`) VALUES (186, 186, 185, 'similique', 150621, '1987-08-14', '1982-08-06 20:27:16', '2001-03-14 18:21:46');
INSERT INTO `media` (`id`, `media_type_id`, `users_id`, `filename`, `size`, `metadata`, `created_at`, `updated_at`) VALUES (187, 187, 186, 'voluptatem', 530, '1982-08-06', '2005-05-11 22:04:00', '2019-04-28 13:06:02');
INSERT INTO `media` (`id`, `media_type_id`, `users_id`, `filename`, `size`, `metadata`, `created_at`, `updated_at`) VALUES (188, 188, 187, 'esse', 3034, '1976-04-22', '2010-10-08 21:56:00', '1982-03-07 13:59:35');
INSERT INTO `media` (`id`, `media_type_id`, `users_id`, `filename`, `size`, `metadata`, `created_at`, `updated_at`) VALUES (189, 189, 188, 'laudantium', 938809722, '1989-07-12', '2019-04-26 22:45:22', '1975-02-09 14:24:27');
INSERT INTO `media` (`id`, `media_type_id`, `users_id`, `filename`, `size`, `metadata`, `created_at`, `updated_at`) VALUES (190, 190, 189, 'praesentium', 611610, '1984-12-30', '2005-05-08 01:42:01', '2003-04-26 17:32:12');
INSERT INTO `media` (`id`, `media_type_id`, `users_id`, `filename`, `size`, `metadata`, `created_at`, `updated_at`) VALUES (191, 191, 190, 'repudiandae', 47185618, '2002-05-27', '1987-05-24 10:54:33', '1994-01-27 18:20:47');
INSERT INTO `media` (`id`, `media_type_id`, `users_id`, `filename`, `size`, `metadata`, `created_at`, `updated_at`) VALUES (192, 192, 191, 'quidem', 2556, '2002-07-11', '1971-02-20 21:50:58', '2014-08-29 06:16:37');
INSERT INTO `media` (`id`, `media_type_id`, `users_id`, `filename`, `size`, `metadata`, `created_at`, `updated_at`) VALUES (193, 193, 192, 'soluta', 751769224, '1999-05-07', '1986-11-27 23:23:20', '2011-11-27 06:21:21');
INSERT INTO `media` (`id`, `media_type_id`, `users_id`, `filename`, `size`, `metadata`, `created_at`, `updated_at`) VALUES (194, 194, 193, 'quaerat', 91430, '1973-06-19', '1976-10-04 07:17:12', '1991-04-26 23:58:51');
INSERT INTO `media` (`id`, `media_type_id`, `users_id`, `filename`, `size`, `metadata`, `created_at`, `updated_at`) VALUES (195, 195, 194, 'nihil', 570188543, '2011-06-15', '1986-02-10 08:17:01', '1996-08-26 12:42:36');
INSERT INTO `media` (`id`, `media_type_id`, `users_id`, `filename`, `size`, `metadata`, `created_at`, `updated_at`) VALUES (196, 196, 195, 'repellat', 0, '2009-03-20', '1973-12-05 20:13:31', '2014-07-27 12:19:02');
INSERT INTO `media` (`id`, `media_type_id`, `users_id`, `filename`, `size`, `metadata`, `created_at`, `updated_at`) VALUES (197, 197, 196, 'inventore', 698820757, '1974-05-22', '2002-04-11 17:49:26', '2016-09-13 01:38:24');
INSERT INTO `media` (`id`, `media_type_id`, `users_id`, `filename`, `size`, `metadata`, `created_at`, `updated_at`) VALUES (198, 198, 197, 'sit', 6, '2017-08-05', '2010-01-19 20:40:06', '1984-07-31 17:03:33');
INSERT INTO `media` (`id`, `media_type_id`, `users_id`, `filename`, `size`, `metadata`, `created_at`, `updated_at`) VALUES (199, 199, 198, 'voluptate', 239314, '1986-09-12', '1994-12-31 20:47:36', '1992-03-14 13:57:05');
INSERT INTO `media` (`id`, `media_type_id`, `users_id`, `filename`, `size`, `metadata`, `created_at`, `updated_at`) VALUES (200, 200, 199, 'similique', 5, '2011-12-27', '1981-12-22 03:32:43', '1991-07-19 23:05:27');


#
# TABLE STRUCTURE FOR: media_types
#

DROP TABLE IF EXISTS `media_types`;

CREATE TABLE `media_types` (
  `id` int(10) unsigned NOT NULL AUTO_INCREMENT,
  `name` varchar(255) COLLATE utf8_unicode_ci NOT NULL,
  `created_at` datetime DEFAULT current_timestamp(),
  `updated_at` datetime DEFAULT current_timestamp() ON UPDATE current_timestamp(),
  PRIMARY KEY (`id`),
  UNIQUE KEY `name` (`name`)
) ENGINE=InnoDB AUTO_INCREMENT=201 DEFAULT CHARSET=utf8 COLLATE=utf8_unicode_ci;

INSERT INTO `media_types` (`id`, `name`, `created_at`, `updated_at`) VALUES (101, 'ut', '2010-11-19 06:48:20', '1976-11-11 13:26:57');
INSERT INTO `media_types` (`id`, `name`, `created_at`, `updated_at`) VALUES (102, 'aut', '1999-09-11 00:19:21', '1978-03-27 14:56:32');
INSERT INTO `media_types` (`id`, `name`, `created_at`, `updated_at`) VALUES (103, 'veritatis', '2011-01-28 15:23:19', '2012-03-02 15:50:47');
INSERT INTO `media_types` (`id`, `name`, `created_at`, `updated_at`) VALUES (104, 'autem', '1975-03-30 23:27:42', '1972-03-07 06:56:52');
INSERT INTO `media_types` (`id`, `name`, `created_at`, `updated_at`) VALUES (105, 'quaerat', '1991-07-14 18:08:50', '2003-09-11 19:32:17');
INSERT INTO `media_types` (`id`, `name`, `created_at`, `updated_at`) VALUES (106, 'consequatur', '1983-10-17 07:22:56', '1989-05-15 03:37:20');
INSERT INTO `media_types` (`id`, `name`, `created_at`, `updated_at`) VALUES (107, 'incidunt', '2006-09-06 21:09:28', '1993-05-15 04:10:11');
INSERT INTO `media_types` (`id`, `name`, `created_at`, `updated_at`) VALUES (108, 'aperiam', '2020-10-08 09:41:30', '1975-11-25 18:57:37');
INSERT INTO `media_types` (`id`, `name`, `created_at`, `updated_at`) VALUES (109, 'placeat', '2010-08-26 04:57:11', '1971-04-03 08:00:07');
INSERT INTO `media_types` (`id`, `name`, `created_at`, `updated_at`) VALUES (110, 'dolores', '2013-03-25 15:21:51', '1992-11-30 06:29:17');
INSERT INTO `media_types` (`id`, `name`, `created_at`, `updated_at`) VALUES (111, 'et', '1983-08-13 23:23:51', '2020-08-13 02:33:44');
INSERT INTO `media_types` (`id`, `name`, `created_at`, `updated_at`) VALUES (112, 'ea', '2015-11-26 00:58:07', '1993-01-27 21:21:16');
INSERT INTO `media_types` (`id`, `name`, `created_at`, `updated_at`) VALUES (113, 'quas', '2007-07-15 22:53:45', '2000-08-20 19:45:10');
INSERT INTO `media_types` (`id`, `name`, `created_at`, `updated_at`) VALUES (114, 'ipsam', '2019-02-23 21:17:16', '1980-01-29 18:09:55');
INSERT INTO `media_types` (`id`, `name`, `created_at`, `updated_at`) VALUES (115, 'voluptas', '2004-11-19 19:48:55', '2000-08-08 03:35:14');
INSERT INTO `media_types` (`id`, `name`, `created_at`, `updated_at`) VALUES (116, 'molestiae', '2013-04-23 23:09:02', '2000-10-19 04:44:44');
INSERT INTO `media_types` (`id`, `name`, `created_at`, `updated_at`) VALUES (117, 'aliquam', '1990-07-13 11:00:57', '2003-12-04 15:02:39');
INSERT INTO `media_types` (`id`, `name`, `created_at`, `updated_at`) VALUES (118, 'enim', '2010-02-10 02:42:19', '1979-11-04 11:08:15');
INSERT INTO `media_types` (`id`, `name`, `created_at`, `updated_at`) VALUES (119, 'dolore', '2001-06-05 14:26:58', '1983-08-20 07:55:15');
INSERT INTO `media_types` (`id`, `name`, `created_at`, `updated_at`) VALUES (120, 'a', '1984-02-17 22:27:50', '1995-08-08 08:37:51');
INSERT INTO `media_types` (`id`, `name`, `created_at`, `updated_at`) VALUES (121, 'beatae', '1986-12-01 15:45:34', '1997-11-06 03:41:06');
INSERT INTO `media_types` (`id`, `name`, `created_at`, `updated_at`) VALUES (122, 'voluptatum', '1975-07-10 22:40:25', '2017-06-01 23:20:08');
INSERT INTO `media_types` (`id`, `name`, `created_at`, `updated_at`) VALUES (123, 'voluptates', '2015-07-14 03:28:27', '1996-03-24 09:49:22');
INSERT INTO `media_types` (`id`, `name`, `created_at`, `updated_at`) VALUES (124, 'sit', '1984-03-04 14:29:34', '1975-11-15 20:23:57');
INSERT INTO `media_types` (`id`, `name`, `created_at`, `updated_at`) VALUES (125, 'vitae', '1981-06-30 08:21:20', '2002-11-01 09:41:22');
INSERT INTO `media_types` (`id`, `name`, `created_at`, `updated_at`) VALUES (126, 'nobis', '1970-10-16 03:49:21', '2019-05-20 03:08:02');
INSERT INTO `media_types` (`id`, `name`, `created_at`, `updated_at`) VALUES (127, 'est', '1983-04-19 20:11:23', '1972-05-28 15:04:30');
INSERT INTO `media_types` (`id`, `name`, `created_at`, `updated_at`) VALUES (128, 'totam', '2012-12-10 15:52:25', '2004-03-03 07:02:46');
INSERT INTO `media_types` (`id`, `name`, `created_at`, `updated_at`) VALUES (129, 'quidem', '1992-01-31 08:49:51', '1991-01-01 05:21:41');
INSERT INTO `media_types` (`id`, `name`, `created_at`, `updated_at`) VALUES (130, 'quasi', '1976-07-09 16:57:40', '1970-09-28 11:01:27');
INSERT INTO `media_types` (`id`, `name`, `created_at`, `updated_at`) VALUES (131, 'rerum', '1991-04-19 13:45:06', '1995-11-14 11:56:24');
INSERT INTO `media_types` (`id`, `name`, `created_at`, `updated_at`) VALUES (132, 'dolorem', '1979-07-24 09:24:21', '2013-01-27 04:39:35');
INSERT INTO `media_types` (`id`, `name`, `created_at`, `updated_at`) VALUES (133, 'eos', '1996-11-02 15:32:54', '1975-10-29 14:45:45');
INSERT INTO `media_types` (`id`, `name`, `created_at`, `updated_at`) VALUES (134, 'voluptatem', '1983-05-26 21:25:40', '2001-04-17 15:07:16');
INSERT INTO `media_types` (`id`, `name`, `created_at`, `updated_at`) VALUES (135, 'reprehenderit', '1975-07-18 01:30:52', '2005-10-04 13:26:00');
INSERT INTO `media_types` (`id`, `name`, `created_at`, `updated_at`) VALUES (136, 'ab', '2015-03-09 19:17:44', '2000-01-17 19:43:47');
INSERT INTO `media_types` (`id`, `name`, `created_at`, `updated_at`) VALUES (137, 'esse', '1985-04-01 17:32:37', '1995-02-12 01:42:21');
INSERT INTO `media_types` (`id`, `name`, `created_at`, `updated_at`) VALUES (138, 'inventore', '2018-07-17 06:02:57', '1998-11-30 07:52:50');
INSERT INTO `media_types` (`id`, `name`, `created_at`, `updated_at`) VALUES (139, 'illum', '2010-08-15 10:41:32', '1980-01-20 01:15:09');
INSERT INTO `media_types` (`id`, `name`, `created_at`, `updated_at`) VALUES (140, 'quam', '1972-03-15 17:52:16', '1981-04-29 11:23:25');
INSERT INTO `media_types` (`id`, `name`, `created_at`, `updated_at`) VALUES (141, 'officia', '1994-03-26 23:57:30', '2011-02-13 04:45:36');
INSERT INTO `media_types` (`id`, `name`, `created_at`, `updated_at`) VALUES (142, 'commodi', '1986-06-18 11:08:42', '1976-01-13 10:12:28');
INSERT INTO `media_types` (`id`, `name`, `created_at`, `updated_at`) VALUES (143, 'eum', '2003-08-04 15:06:33', '2013-01-17 00:39:00');
INSERT INTO `media_types` (`id`, `name`, `created_at`, `updated_at`) VALUES (144, 'eveniet', '1993-06-18 10:51:14', '2017-12-01 11:40:43');
INSERT INTO `media_types` (`id`, `name`, `created_at`, `updated_at`) VALUES (145, 'architecto', '2000-09-09 22:31:40', '1973-06-06 18:23:09');
INSERT INTO `media_types` (`id`, `name`, `created_at`, `updated_at`) VALUES (146, 'omnis', '1974-01-07 20:30:02', '2009-09-28 19:15:16');
INSERT INTO `media_types` (`id`, `name`, `created_at`, `updated_at`) VALUES (147, 'velit', '2000-11-21 08:56:02', '2002-04-17 14:28:10');
INSERT INTO `media_types` (`id`, `name`, `created_at`, `updated_at`) VALUES (148, 'eaque', '1980-05-31 21:23:17', '2000-10-01 10:42:57');
INSERT INTO `media_types` (`id`, `name`, `created_at`, `updated_at`) VALUES (149, 'alias', '1973-02-14 08:05:40', '2011-10-01 12:21:02');
INSERT INTO `media_types` (`id`, `name`, `created_at`, `updated_at`) VALUES (150, 'tenetur', '1989-09-23 09:29:38', '1977-01-12 17:53:22');
INSERT INTO `media_types` (`id`, `name`, `created_at`, `updated_at`) VALUES (151, 'iste', '1983-12-21 02:20:04', '2018-07-26 09:44:56');
INSERT INTO `media_types` (`id`, `name`, `created_at`, `updated_at`) VALUES (152, 'corrupti', '2001-12-20 12:52:03', '1983-10-08 10:32:10');
INSERT INTO `media_types` (`id`, `name`, `created_at`, `updated_at`) VALUES (153, 'iusto', '1985-03-22 20:49:28', '2002-07-08 13:10:35');
INSERT INTO `media_types` (`id`, `name`, `created_at`, `updated_at`) VALUES (154, 'quo', '2007-03-23 00:15:18', '1978-10-29 22:44:11');
INSERT INTO `media_types` (`id`, `name`, `created_at`, `updated_at`) VALUES (155, 'adipisci', '1993-04-14 18:10:52', '1995-05-29 03:21:34');
INSERT INTO `media_types` (`id`, `name`, `created_at`, `updated_at`) VALUES (156, 'assumenda', '1974-11-25 08:19:05', '2015-05-30 22:25:10');
INSERT INTO `media_types` (`id`, `name`, `created_at`, `updated_at`) VALUES (157, 'quibusdam', '1997-10-14 02:04:39', '2012-02-02 09:56:12');
INSERT INTO `media_types` (`id`, `name`, `created_at`, `updated_at`) VALUES (158, 'odit', '1975-01-20 21:45:04', '2007-07-19 05:50:37');
INSERT INTO `media_types` (`id`, `name`, `created_at`, `updated_at`) VALUES (159, 'ipsum', '1985-12-04 20:38:40', '1998-09-15 20:57:00');
INSERT INTO `media_types` (`id`, `name`, `created_at`, `updated_at`) VALUES (160, 'nesciunt', '1970-04-20 04:30:05', '2003-09-11 17:45:15');
INSERT INTO `media_types` (`id`, `name`, `created_at`, `updated_at`) VALUES (161, 'quis', '1988-05-29 16:12:35', '2017-07-04 23:16:03');
INSERT INTO `media_types` (`id`, `name`, `created_at`, `updated_at`) VALUES (162, 'nulla', '1983-10-08 07:29:15', '2011-04-21 21:08:46');
INSERT INTO `media_types` (`id`, `name`, `created_at`, `updated_at`) VALUES (163, 'dolor', '1984-02-09 07:30:23', '2020-02-20 07:28:28');
INSERT INTO `media_types` (`id`, `name`, `created_at`, `updated_at`) VALUES (164, 'mollitia', '1986-04-19 02:31:14', '1982-05-24 00:49:14');
INSERT INTO `media_types` (`id`, `name`, `created_at`, `updated_at`) VALUES (165, 'tempore', '1974-01-25 08:04:24', '1986-05-30 14:47:38');
INSERT INTO `media_types` (`id`, `name`, `created_at`, `updated_at`) VALUES (166, 'asperiores', '2009-07-19 18:33:14', '2010-02-23 21:18:10');
INSERT INTO `media_types` (`id`, `name`, `created_at`, `updated_at`) VALUES (167, 'minus', '2015-04-22 20:37:46', '1972-05-16 14:55:01');
INSERT INTO `media_types` (`id`, `name`, `created_at`, `updated_at`) VALUES (168, 'dolorum', '1978-10-08 20:06:39', '2011-10-08 01:08:12');
INSERT INTO `media_types` (`id`, `name`, `created_at`, `updated_at`) VALUES (169, 'quos', '1979-01-05 06:50:26', '1999-10-06 09:40:02');
INSERT INTO `media_types` (`id`, `name`, `created_at`, `updated_at`) VALUES (170, 'nihil', '2000-07-27 15:05:29', '1970-05-12 16:43:13');
INSERT INTO `media_types` (`id`, `name`, `created_at`, `updated_at`) VALUES (171, 'qui', '1996-10-08 01:13:17', '1980-11-03 09:11:41');
INSERT INTO `media_types` (`id`, `name`, `created_at`, `updated_at`) VALUES (172, 'non', '2019-09-14 22:05:12', '1972-10-18 08:59:24');
INSERT INTO `media_types` (`id`, `name`, `created_at`, `updated_at`) VALUES (173, 'unde', '2010-03-25 11:27:37', '2003-04-29 05:19:24');
INSERT INTO `media_types` (`id`, `name`, `created_at`, `updated_at`) VALUES (174, 'eius', '2001-02-19 15:22:37', '2003-07-23 19:19:48');
INSERT INTO `media_types` (`id`, `name`, `created_at`, `updated_at`) VALUES (175, 'rem', '1979-10-19 01:39:48', '2015-04-15 08:05:13');
INSERT INTO `media_types` (`id`, `name`, `created_at`, `updated_at`) VALUES (176, 'expedita', '1975-04-30 17:31:28', '2009-11-17 22:07:18');
INSERT INTO `media_types` (`id`, `name`, `created_at`, `updated_at`) VALUES (177, 'at', '2014-06-19 17:10:12', '1984-12-09 15:56:46');
INSERT INTO `media_types` (`id`, `name`, `created_at`, `updated_at`) VALUES (178, 'facilis', '1980-02-26 05:10:17', '1978-07-13 12:41:08');
INSERT INTO `media_types` (`id`, `name`, `created_at`, `updated_at`) VALUES (179, 'fuga', '1990-07-10 07:14:48', '1991-06-21 02:46:36');
INSERT INTO `media_types` (`id`, `name`, `created_at`, `updated_at`) VALUES (180, 'impedit', '2008-05-04 11:52:15', '1997-02-26 02:19:51');
INSERT INTO `media_types` (`id`, `name`, `created_at`, `updated_at`) VALUES (181, 'accusantium', '2017-08-15 21:23:04', '2011-11-19 05:55:11');
INSERT INTO `media_types` (`id`, `name`, `created_at`, `updated_at`) VALUES (182, 'laborum', '1982-07-15 17:18:01', '2004-03-01 10:55:36');
INSERT INTO `media_types` (`id`, `name`, `created_at`, `updated_at`) VALUES (183, 'quia', '2013-01-07 08:42:56', '2019-11-24 05:00:58');
INSERT INTO `media_types` (`id`, `name`, `created_at`, `updated_at`) VALUES (184, 'odio', '1971-04-24 03:11:09', '1993-07-14 02:30:29');
INSERT INTO `media_types` (`id`, `name`, `created_at`, `updated_at`) VALUES (185, 'saepe', '1975-01-30 11:24:20', '2010-07-14 03:43:04');
INSERT INTO `media_types` (`id`, `name`, `created_at`, `updated_at`) VALUES (186, 'blanditiis', '1972-12-20 05:17:33', '2001-08-09 13:52:52');
INSERT INTO `media_types` (`id`, `name`, `created_at`, `updated_at`) VALUES (187, 'quisquam', '1990-11-06 11:46:15', '1990-12-14 13:32:17');
INSERT INTO `media_types` (`id`, `name`, `created_at`, `updated_at`) VALUES (188, 'deleniti', '1986-05-01 03:06:41', '1982-11-28 02:34:48');
INSERT INTO `media_types` (`id`, `name`, `created_at`, `updated_at`) VALUES (189, 'fugiat', '1984-08-09 04:47:05', '2014-04-26 10:18:35');
INSERT INTO `media_types` (`id`, `name`, `created_at`, `updated_at`) VALUES (190, 'porro', '1977-08-23 10:40:07', '1978-12-09 18:06:15');
INSERT INTO `media_types` (`id`, `name`, `created_at`, `updated_at`) VALUES (191, 'eligendi', '1975-11-28 12:13:10', '2018-10-19 05:17:20');
INSERT INTO `media_types` (`id`, `name`, `created_at`, `updated_at`) VALUES (192, 'debitis', '1986-10-28 02:01:13', '2013-05-12 22:08:10');
INSERT INTO `media_types` (`id`, `name`, `created_at`, `updated_at`) VALUES (193, 'sed', '2001-09-02 06:37:28', '1979-07-22 22:24:09');
INSERT INTO `media_types` (`id`, `name`, `created_at`, `updated_at`) VALUES (194, 'cumque', '1986-01-20 18:35:49', '1991-11-21 13:41:45');
INSERT INTO `media_types` (`id`, `name`, `created_at`, `updated_at`) VALUES (195, 'praesentium', '1993-07-05 06:46:18', '1980-06-05 20:49:23');
INSERT INTO `media_types` (`id`, `name`, `created_at`, `updated_at`) VALUES (196, 'quae', '1983-04-20 13:38:35', '1995-07-31 07:54:49');
INSERT INTO `media_types` (`id`, `name`, `created_at`, `updated_at`) VALUES (197, 'voluptatibus', '1986-02-23 23:49:41', '2011-05-02 19:10:41');
INSERT INTO `media_types` (`id`, `name`, `created_at`, `updated_at`) VALUES (198, 'provident', '1999-05-06 21:55:48', '1988-06-17 06:03:38');
INSERT INTO `media_types` (`id`, `name`, `created_at`, `updated_at`) VALUES (199, 'pariatur', '2017-05-04 08:03:24', '2017-09-12 11:12:19');
INSERT INTO `media_types` (`id`, `name`, `created_at`, `updated_at`) VALUES (200, 'id', '2016-04-17 21:46:27', '2010-11-10 09:47:30');


#
# TABLE STRUCTURE FOR: messages
#

DROP TABLE IF EXISTS `messages`;

CREATE TABLE `messages` (
  `id` int(10) unsigned NOT NULL AUTO_INCREMENT,
  `from_users_id` int(10) unsigned NOT NULL,
  `to_users_id` int(10) unsigned NOT NULL,
  `communities_id` int(10) unsigned NOT NULL,
  `body` text COLLATE utf8_unicode_ci NOT NULL,
  `is_important` tinyint(1) DEFAULT NULL,
  `is_delivered` tinyint(1) DEFAULT NULL,
  `created_at` datetime DEFAULT current_timestamp(),
  PRIMARY KEY (`id`)
) ENGINE=InnoDB AUTO_INCREMENT=200 DEFAULT CHARSET=utf8 COLLATE=utf8_unicode_ci;

INSERT INTO `messages` (`id`, `from_users_id`, `to_users_id`, `communities_id`, `body`, `is_important`, `is_delivered`, `created_at`) VALUES (100, 100, 100, 101, 'Non ipsam recusandae et adipisci ipsum praesentium. Rerum sapiente et eligendi commodi voluptas.\nIpsum qui autem voluptatem quam sit et et. Quo praesentium voluptate earum commodi quibusdam aliquid.', 1, 1, '1979-05-29 10:38:24');
INSERT INTO `messages` (`id`, `from_users_id`, `to_users_id`, `communities_id`, `body`, `is_important`, `is_delivered`, `created_at`) VALUES (101, 101, 101, 102, 'Et inventore occaecati sequi impedit blanditiis. Et ut perspiciatis sint beatae voluptatem non. Sed consequatur et praesentium ex nemo. Sapiente sint quibusdam et voluptate aut et asperiores nemo.', 0, 1, '2007-05-03 16:50:36');
INSERT INTO `messages` (`id`, `from_users_id`, `to_users_id`, `communities_id`, `body`, `is_important`, `is_delivered`, `created_at`) VALUES (102, 102, 102, 103, 'Aspernatur ut iusto quia est harum beatae. Rerum fugiat iure qui aspernatur ullam blanditiis. Hic debitis est ut impedit.', 0, 0, '1987-10-15 17:50:48');
INSERT INTO `messages` (`id`, `from_users_id`, `to_users_id`, `communities_id`, `body`, `is_important`, `is_delivered`, `created_at`) VALUES (103, 103, 103, 104, 'Distinctio neque aliquam iste eos qui. In vero quia sunt quo vitae accusantium nulla. Aut minima tenetur officiis consequatur sit.', 1, 1, '2018-04-22 04:18:43');
INSERT INTO `messages` (`id`, `from_users_id`, `to_users_id`, `communities_id`, `body`, `is_important`, `is_delivered`, `created_at`) VALUES (104, 104, 104, 105, 'Sapiente voluptas earum autem nam vero consequatur illum. Harum omnis ullam quo qui dignissimos cupiditate. Praesentium recusandae eum facere fugiat et sed aut.', 0, 1, '1994-07-28 22:23:42');
INSERT INTO `messages` (`id`, `from_users_id`, `to_users_id`, `communities_id`, `body`, `is_important`, `is_delivered`, `created_at`) VALUES (105, 105, 105, 106, 'Sapiente quae ab nemo dolorem dicta cum. Iure tempora labore iste deserunt ratione cumque. Sunt aut tempora tempore voluptas vitae voluptatem error. Labore nihil ut ut et officia iure.', 1, 0, '2014-02-15 18:53:18');
INSERT INTO `messages` (`id`, `from_users_id`, `to_users_id`, `communities_id`, `body`, `is_important`, `is_delivered`, `created_at`) VALUES (106, 106, 106, 107, 'Ut aut est omnis aut cumque ex. Fugit recusandae tempora ipsa suscipit et quis tempore. Voluptas minima aut totam nisi ipsam nam reiciendis tempore.', 0, 1, '2011-04-27 19:00:25');
INSERT INTO `messages` (`id`, `from_users_id`, `to_users_id`, `communities_id`, `body`, `is_important`, `is_delivered`, `created_at`) VALUES (107, 107, 107, 108, 'Id et facilis architecto magnam. Saepe sint sed ad cumque. Officia omnis et exercitationem voluptatem eveniet quis ratione.', 0, 0, '2020-12-02 20:58:07');
INSERT INTO `messages` (`id`, `from_users_id`, `to_users_id`, `communities_id`, `body`, `is_important`, `is_delivered`, `created_at`) VALUES (108, 108, 108, 109, 'Perferendis qui rerum eaque voluptas asperiores molestiae recusandae. Non facilis sed rerum rerum ea non. Consequatur ullam modi sit cum.', 0, 1, '1975-12-17 18:08:34');
INSERT INTO `messages` (`id`, `from_users_id`, `to_users_id`, `communities_id`, `body`, `is_important`, `is_delivered`, `created_at`) VALUES (109, 109, 109, 110, 'Maxime at aut alias accusamus ut. Possimus dolores ea quis fuga tempora autem eligendi. Placeat est enim expedita reprehenderit.', 0, 1, '2015-01-09 20:10:44');
INSERT INTO `messages` (`id`, `from_users_id`, `to_users_id`, `communities_id`, `body`, `is_important`, `is_delivered`, `created_at`) VALUES (110, 110, 110, 111, 'Et excepturi autem omnis sit aliquam. Tenetur ratione modi ullam molestiae exercitationem sint voluptatem rem. Totam consectetur consequuntur sed et officia nobis voluptas.', 1, 1, '1983-02-12 10:30:00');
INSERT INTO `messages` (`id`, `from_users_id`, `to_users_id`, `communities_id`, `body`, `is_important`, `is_delivered`, `created_at`) VALUES (111, 111, 111, 112, 'Aut blanditiis reiciendis ducimus et nisi consequatur iure. Aliquid incidunt blanditiis rerum dolor quam molestiae.', 1, 1, '2018-10-18 06:09:31');
INSERT INTO `messages` (`id`, `from_users_id`, `to_users_id`, `communities_id`, `body`, `is_important`, `is_delivered`, `created_at`) VALUES (112, 112, 112, 113, 'Consectetur cumque et consectetur aut saepe ratione architecto. Tempore sit ut ut quam. Optio quis dignissimos rerum.', 1, 0, '2001-12-03 13:36:55');
INSERT INTO `messages` (`id`, `from_users_id`, `to_users_id`, `communities_id`, `body`, `is_important`, `is_delivered`, `created_at`) VALUES (113, 113, 113, 114, 'Autem illum rem fugit suscipit ad consequatur minus. Libero deleniti hic voluptate nemo. Voluptatibus quis velit iusto sit. Sit ut eveniet nobis itaque veniam cum.', 1, 1, '1978-12-07 17:58:29');
INSERT INTO `messages` (`id`, `from_users_id`, `to_users_id`, `communities_id`, `body`, `is_important`, `is_delivered`, `created_at`) VALUES (114, 114, 114, 115, 'Ipsum qui sapiente id corrupti. Facilis dolorem debitis commodi iure.', 0, 0, '2003-11-16 07:36:23');
INSERT INTO `messages` (`id`, `from_users_id`, `to_users_id`, `communities_id`, `body`, `is_important`, `is_delivered`, `created_at`) VALUES (115, 115, 115, 116, 'Officia voluptas qui quia quod consequatur sit. Sit illum rem magni fugiat. Dolor voluptatem aut fugiat.', 1, 1, '2017-03-05 16:11:44');
INSERT INTO `messages` (`id`, `from_users_id`, `to_users_id`, `communities_id`, `body`, `is_important`, `is_delivered`, `created_at`) VALUES (116, 116, 116, 117, 'Sequi qui voluptates sed fugit quis. Consequuntur est soluta ut in quo. Consequuntur quis quo est accusantium veritatis natus.', 1, 0, '1999-06-05 02:41:35');
INSERT INTO `messages` (`id`, `from_users_id`, `to_users_id`, `communities_id`, `body`, `is_important`, `is_delivered`, `created_at`) VALUES (117, 117, 117, 118, 'Itaque vel esse voluptate quod vel. Assumenda sit perferendis voluptate qui quod sint. Voluptas numquam ab libero delectus quibusdam. Ad aut est quia occaecati quidem dolor in voluptas.', 1, 1, '1990-01-05 05:37:35');
INSERT INTO `messages` (`id`, `from_users_id`, `to_users_id`, `communities_id`, `body`, `is_important`, `is_delivered`, `created_at`) VALUES (118, 118, 118, 119, 'Sed voluptatem a corporis perferendis id. Doloribus totam dolorem dolor doloribus numquam ipsa eos aut. Sunt delectus ipsam occaecati est sint.', 0, 1, '1971-09-13 04:39:39');
INSERT INTO `messages` (`id`, `from_users_id`, `to_users_id`, `communities_id`, `body`, `is_important`, `is_delivered`, `created_at`) VALUES (119, 119, 119, 120, 'Et qui dolorem quo voluptate. Velit minus quae ut beatae laborum quis neque a. Rerum saepe sit et enim perferendis.', 1, 1, '2018-03-12 11:36:54');
INSERT INTO `messages` (`id`, `from_users_id`, `to_users_id`, `communities_id`, `body`, `is_important`, `is_delivered`, `created_at`) VALUES (120, 120, 120, 121, 'Vitae corrupti quae voluptatibus tempora et perferendis voluptatum. Voluptatem assumenda fugiat consequatur architecto iure reiciendis. Et cupiditate dolore ducimus ipsum.', 0, 0, '2020-10-31 21:00:14');
INSERT INTO `messages` (`id`, `from_users_id`, `to_users_id`, `communities_id`, `body`, `is_important`, `is_delivered`, `created_at`) VALUES (121, 121, 121, 122, 'Saepe sit sint in aliquam. Quia quod ad molestias dolores soluta minima unde. Quis consequuntur saepe illo consequatur aut nulla illo sit. Non reprehenderit velit quo rem ex laboriosam.', 1, 1, '1978-03-10 06:28:48');
INSERT INTO `messages` (`id`, `from_users_id`, `to_users_id`, `communities_id`, `body`, `is_important`, `is_delivered`, `created_at`) VALUES (122, 122, 122, 123, 'Dolorem similique vel debitis. Soluta perspiciatis adipisci eum. Maiores ut sint numquam nam nemo. Et ratione inventore sint eos voluptatem modi possimus.', 1, 1, '2002-10-18 11:38:19');
INSERT INTO `messages` (`id`, `from_users_id`, `to_users_id`, `communities_id`, `body`, `is_important`, `is_delivered`, `created_at`) VALUES (123, 123, 123, 124, 'Aliquid velit aliquam reiciendis rerum. Molestiae ad deleniti aliquid blanditiis corporis accusamus. Corrupti et quas minus. Amet voluptatem voluptatum distinctio explicabo ullam.', 0, 1, '2010-11-13 14:04:12');
INSERT INTO `messages` (`id`, `from_users_id`, `to_users_id`, `communities_id`, `body`, `is_important`, `is_delivered`, `created_at`) VALUES (124, 124, 124, 125, 'Cupiditate perferendis illo ipsa et. Dolor et nobis laborum tenetur id velit. Sunt aut blanditiis optio fugit debitis culpa accusamus quisquam. Libero dolores est error tempore illum eum non ab.', 1, 1, '1998-03-06 08:24:20');
INSERT INTO `messages` (`id`, `from_users_id`, `to_users_id`, `communities_id`, `body`, `is_important`, `is_delivered`, `created_at`) VALUES (125, 125, 125, 126, 'Suscipit molestiae commodi recusandae tenetur. Optio quibusdam qui atque aut soluta. Quo qui hic perspiciatis porro quidem sed inventore.', 0, 1, '2019-12-09 15:17:54');
INSERT INTO `messages` (`id`, `from_users_id`, `to_users_id`, `communities_id`, `body`, `is_important`, `is_delivered`, `created_at`) VALUES (126, 126, 126, 127, 'Sed est officiis quibusdam amet. Aut consequuntur assumenda accusamus. Voluptas non enim ratione molestias. Deserunt hic facilis dolorum rerum consequatur omnis.', 1, 1, '2005-03-13 01:02:09');
INSERT INTO `messages` (`id`, `from_users_id`, `to_users_id`, `communities_id`, `body`, `is_important`, `is_delivered`, `created_at`) VALUES (127, 127, 127, 128, 'Quibusdam atque adipisci ut et facere et maiores. Vero ut voluptatem est voluptatem mollitia labore. Enim voluptatem autem pariatur non autem eos.', 0, 0, '2007-08-26 11:17:32');
INSERT INTO `messages` (`id`, `from_users_id`, `to_users_id`, `communities_id`, `body`, `is_important`, `is_delivered`, `created_at`) VALUES (128, 128, 128, 129, 'Ad placeat optio cupiditate tenetur temporibus blanditiis quam accusamus. Eos omnis perferendis asperiores distinctio sint sint. Voluptatem consequatur veritatis voluptatem voluptatem.', 0, 0, '2015-01-03 09:23:04');
INSERT INTO `messages` (`id`, `from_users_id`, `to_users_id`, `communities_id`, `body`, `is_important`, `is_delivered`, `created_at`) VALUES (129, 129, 129, 130, 'Dolor qui dolore non. Ut nam aut molestias. Non consectetur debitis harum sequi ut veritatis. Et qui numquam rerum odit deserunt laborum quia.', 1, 1, '1984-03-10 07:21:11');
INSERT INTO `messages` (`id`, `from_users_id`, `to_users_id`, `communities_id`, `body`, `is_important`, `is_delivered`, `created_at`) VALUES (130, 130, 130, 131, 'Repellat voluptatibus explicabo enim odit voluptatem. Dolores optio vitae laborum qui rerum dicta illum. Quos cum hic non nobis in minus. Quisquam voluptatibus rem sunt delectus omnis incidunt sint.', 1, 0, '2011-02-19 06:40:42');
INSERT INTO `messages` (`id`, `from_users_id`, `to_users_id`, `communities_id`, `body`, `is_important`, `is_delivered`, `created_at`) VALUES (131, 131, 131, 132, 'Nobis aliquam vitae doloribus debitis deserunt quasi corrupti. Autem nihil beatae provident magni temporibus. Facere et minima odio ipsam enim est. Esse sed corrupti ex nam.', 0, 1, '2003-03-31 01:57:46');
INSERT INTO `messages` (`id`, `from_users_id`, `to_users_id`, `communities_id`, `body`, `is_important`, `is_delivered`, `created_at`) VALUES (132, 132, 132, 133, 'Dolorem tempore aspernatur ipsum fugit sequi non. Distinctio voluptatibus non vero asperiores. Non nemo repellendus est odit et. Ea tenetur quasi distinctio magnam rerum consequatur.', 0, 0, '1972-10-23 05:08:18');
INSERT INTO `messages` (`id`, `from_users_id`, `to_users_id`, `communities_id`, `body`, `is_important`, `is_delivered`, `created_at`) VALUES (133, 133, 133, 134, 'Atque et est eius natus nihil sapiente sunt eveniet. Necessitatibus eos molestiae ea harum incidunt quam aspernatur. Consequatur commodi nostrum ut ut.', 1, 0, '1973-02-25 13:45:59');
INSERT INTO `messages` (`id`, `from_users_id`, `to_users_id`, `communities_id`, `body`, `is_important`, `is_delivered`, `created_at`) VALUES (134, 134, 134, 135, 'Soluta optio omnis itaque ut porro. Aliquam reiciendis quasi rerum nesciunt quia. Sed quam quidem perferendis autem. Debitis ea est animi.', 0, 0, '1994-06-14 21:48:48');
INSERT INTO `messages` (`id`, `from_users_id`, `to_users_id`, `communities_id`, `body`, `is_important`, `is_delivered`, `created_at`) VALUES (135, 135, 135, 136, 'Non qui qui dolorum quo. Deserunt reprehenderit ex et reprehenderit libero accusantium et.', 1, 0, '2012-11-12 07:20:53');
INSERT INTO `messages` (`id`, `from_users_id`, `to_users_id`, `communities_id`, `body`, `is_important`, `is_delivered`, `created_at`) VALUES (136, 136, 136, 137, 'Soluta fuga quia assumenda aut vel culpa perspiciatis velit. Qui officia quaerat voluptas aut quo quae. Iure natus eos a fugit ipsam non suscipit. Earum quidem quae sequi aut eaque.', 1, 0, '1997-02-01 22:16:37');
INSERT INTO `messages` (`id`, `from_users_id`, `to_users_id`, `communities_id`, `body`, `is_important`, `is_delivered`, `created_at`) VALUES (137, 137, 137, 138, 'Iste mollitia et ea praesentium velit aut. Aut enim non illum tenetur aut delectus est. Voluptas consequatur dolores nihil dicta et sit. Sed exercitationem nihil dolor. Eaque iure nihil earum.', 1, 1, '1996-02-24 15:37:04');
INSERT INTO `messages` (`id`, `from_users_id`, `to_users_id`, `communities_id`, `body`, `is_important`, `is_delivered`, `created_at`) VALUES (138, 138, 138, 139, 'Veniam id enim eius occaecati. Id dolores nihil est eos. Enim omnis unde corrupti cumque non id quo. Eum dolor enim quisquam qui magnam commodi.', 1, 0, '1991-12-11 20:10:45');
INSERT INTO `messages` (`id`, `from_users_id`, `to_users_id`, `communities_id`, `body`, `is_important`, `is_delivered`, `created_at`) VALUES (139, 139, 139, 140, 'Voluptates omnis enim pariatur quas facere tempora. Explicabo adipisci consequatur consequatur est sed rem. Corporis accusamus facilis animi fugit dolorem fuga.', 1, 1, '2005-06-03 23:19:20');
INSERT INTO `messages` (`id`, `from_users_id`, `to_users_id`, `communities_id`, `body`, `is_important`, `is_delivered`, `created_at`) VALUES (140, 140, 140, 141, 'Vitae libero debitis ut odit cupiditate. Nam ea aut perferendis molestiae qui.', 1, 1, '2007-05-09 22:25:38');
INSERT INTO `messages` (`id`, `from_users_id`, `to_users_id`, `communities_id`, `body`, `is_important`, `is_delivered`, `created_at`) VALUES (141, 141, 141, 142, 'Sequi nihil corrupti maiores maxime minima tenetur. Enim sapiente et corporis. Cupiditate ducimus similique est libero enim quas dicta. Voluptate in enim modi architecto in odit id.', 1, 0, '2009-03-20 04:23:23');
INSERT INTO `messages` (`id`, `from_users_id`, `to_users_id`, `communities_id`, `body`, `is_important`, `is_delivered`, `created_at`) VALUES (142, 142, 142, 143, 'Sit dolorem possimus quod sint. Ad dolores dolor quia aut sed. Voluptates voluptate similique cumque. Maxime quia sed officiis omnis vel.', 1, 1, '1971-01-26 14:27:26');
INSERT INTO `messages` (`id`, `from_users_id`, `to_users_id`, `communities_id`, `body`, `is_important`, `is_delivered`, `created_at`) VALUES (143, 143, 143, 144, 'Accusamus odio alias sed id. Non suscipit omnis aliquid. Vitae saepe placeat quaerat quam ea aspernatur sit.', 1, 1, '1989-07-25 07:26:36');
INSERT INTO `messages` (`id`, `from_users_id`, `to_users_id`, `communities_id`, `body`, `is_important`, `is_delivered`, `created_at`) VALUES (144, 144, 144, 145, 'Aut deserunt aspernatur et incidunt aut commodi et enim. Natus quidem quasi delectus ex quas non. Tenetur temporibus numquam quo ut.', 1, 0, '1992-04-17 21:49:23');
INSERT INTO `messages` (`id`, `from_users_id`, `to_users_id`, `communities_id`, `body`, `is_important`, `is_delivered`, `created_at`) VALUES (145, 145, 145, 146, 'Quos dolorem blanditiis eius fugiat provident. Architecto dolorem cumque earum sint quo consectetur quia. Et aliquam aut ut vel corporis.', 0, 0, '2012-02-10 13:16:45');
INSERT INTO `messages` (`id`, `from_users_id`, `to_users_id`, `communities_id`, `body`, `is_important`, `is_delivered`, `created_at`) VALUES (146, 146, 146, 147, 'Sed vel rerum ad pariatur. Est numquam inventore voluptatum. Adipisci aut sit eos. Perferendis rerum consequatur est ut soluta omnis ut dolor.', 1, 0, '1999-12-28 08:10:50');
INSERT INTO `messages` (`id`, `from_users_id`, `to_users_id`, `communities_id`, `body`, `is_important`, `is_delivered`, `created_at`) VALUES (147, 147, 147, 148, 'Qui nesciunt in voluptate qui dolores dolores. Vel quaerat ullam et inventore beatae nihil. Hic qui illum quae iste est voluptatibus est magni.', 0, 1, '1987-08-20 02:18:27');
INSERT INTO `messages` (`id`, `from_users_id`, `to_users_id`, `communities_id`, `body`, `is_important`, `is_delivered`, `created_at`) VALUES (148, 148, 148, 149, 'Consequatur magnam omnis enim voluptatum quod ab aut. Sit sed omnis quisquam illum. Libero ut minus cupiditate et.', 0, 1, '1990-05-22 00:53:53');
INSERT INTO `messages` (`id`, `from_users_id`, `to_users_id`, `communities_id`, `body`, `is_important`, `is_delivered`, `created_at`) VALUES (149, 149, 149, 150, 'Vero voluptatem debitis quis. Adipisci porro adipisci voluptatem quidem ipsum ut. Illo itaque voluptates voluptas excepturi.', 1, 0, '2011-08-17 15:26:57');
INSERT INTO `messages` (`id`, `from_users_id`, `to_users_id`, `communities_id`, `body`, `is_important`, `is_delivered`, `created_at`) VALUES (150, 150, 150, 151, 'Molestiae est et non et quidem. Repudiandae nihil illo repellendus eos facere. Ea aperiam id labore aut perferendis praesentium voluptas magnam. Aut nisi dolore libero ut est quasi.', 0, 0, '1986-05-11 20:34:33');
INSERT INTO `messages` (`id`, `from_users_id`, `to_users_id`, `communities_id`, `body`, `is_important`, `is_delivered`, `created_at`) VALUES (151, 151, 151, 152, 'Dolores natus distinctio eos ut. Facilis dolor sit accusantium omnis. Fugiat similique ut nam et et. Magni rerum porro dicta omnis optio officiis et.', 0, 1, '1972-12-12 00:41:10');
INSERT INTO `messages` (`id`, `from_users_id`, `to_users_id`, `communities_id`, `body`, `is_important`, `is_delivered`, `created_at`) VALUES (152, 152, 152, 153, 'Nam assumenda enim illo id in sequi ut. Voluptatem quia odio autem sint aliquid. Possimus odio quo omnis reiciendis cum.', 0, 1, '1990-02-11 17:42:02');
INSERT INTO `messages` (`id`, `from_users_id`, `to_users_id`, `communities_id`, `body`, `is_important`, `is_delivered`, `created_at`) VALUES (153, 153, 153, 154, 'Quaerat nihil sit deleniti at quam occaecati. Accusamus dolores velit officiis inventore. Architecto quo maiores architecto et. Odio fugit rem consequatur repellendus maiores exercitationem.', 1, 1, '2016-04-18 18:14:37');
INSERT INTO `messages` (`id`, `from_users_id`, `to_users_id`, `communities_id`, `body`, `is_important`, `is_delivered`, `created_at`) VALUES (154, 154, 154, 155, 'Ipsum omnis dolor et molestiae. Id commodi qui in quia voluptas ducimus animi. Voluptas nesciunt labore dolores architecto fugiat libero. Et rem ullam quia maxime doloremque.', 0, 0, '2013-06-11 16:39:28');
INSERT INTO `messages` (`id`, `from_users_id`, `to_users_id`, `communities_id`, `body`, `is_important`, `is_delivered`, `created_at`) VALUES (155, 155, 155, 156, 'Dolorum rerum eligendi provident corrupti et quod. Accusantium fuga quos ut voluptate non. In sunt ea totam.', 1, 1, '1980-01-24 03:20:47');
INSERT INTO `messages` (`id`, `from_users_id`, `to_users_id`, `communities_id`, `body`, `is_important`, `is_delivered`, `created_at`) VALUES (156, 156, 156, 157, 'Autem ab labore officia aut ea. Iusto ab omnis voluptatem ut aut nihil. Quo similique culpa modi omnis.', 0, 0, '2019-06-06 08:43:56');
INSERT INTO `messages` (`id`, `from_users_id`, `to_users_id`, `communities_id`, `body`, `is_important`, `is_delivered`, `created_at`) VALUES (157, 157, 157, 158, 'Est ut consequatur atque. Voluptatem dolorum rerum fugiat animi atque.\nCulpa impedit officiis dolor sit qui. Soluta sint debitis deleniti est id odit.', 1, 0, '1984-08-16 01:40:35');
INSERT INTO `messages` (`id`, `from_users_id`, `to_users_id`, `communities_id`, `body`, `is_important`, `is_delivered`, `created_at`) VALUES (158, 158, 158, 159, 'Accusamus eveniet facilis et omnis ut molestias fugit. Est vel sint sit nesciunt. Consequatur blanditiis vero voluptatem maxime labore non quidem. Est et explicabo est excepturi voluptatibus aut.', 1, 1, '1981-04-03 21:28:16');
INSERT INTO `messages` (`id`, `from_users_id`, `to_users_id`, `communities_id`, `body`, `is_important`, `is_delivered`, `created_at`) VALUES (159, 159, 159, 160, 'Ab necessitatibus explicabo iste commodi est. Fugiat voluptatem enim nostrum nihil nam maiores similique. Ut sed tempore doloribus et ut repudiandae occaecati aut. Ipsam rerum sequi facilis et.', 0, 1, '1982-03-10 20:18:31');
INSERT INTO `messages` (`id`, `from_users_id`, `to_users_id`, `communities_id`, `body`, `is_important`, `is_delivered`, `created_at`) VALUES (160, 160, 160, 161, 'Ea est qui repudiandae necessitatibus ut. Deserunt ut et molestias rerum rerum amet quas. Ipsum voluptatem quaerat repellendus et nemo aut. Non qui provident cumque et.', 1, 0, '2017-03-20 04:29:03');
INSERT INTO `messages` (`id`, `from_users_id`, `to_users_id`, `communities_id`, `body`, `is_important`, `is_delivered`, `created_at`) VALUES (161, 161, 161, 162, 'Ipsam facilis et qui. Vitae distinctio dicta eligendi officiis et voluptatem.', 0, 0, '1980-11-04 07:47:10');
INSERT INTO `messages` (`id`, `from_users_id`, `to_users_id`, `communities_id`, `body`, `is_important`, `is_delivered`, `created_at`) VALUES (162, 162, 162, 163, 'Quo dolore laboriosam officia et. Quaerat nostrum dolorem dolorem et quas. Voluptatem odit pariatur molestiae soluta sequi.', 1, 1, '1986-09-26 16:49:29');
INSERT INTO `messages` (`id`, `from_users_id`, `to_users_id`, `communities_id`, `body`, `is_important`, `is_delivered`, `created_at`) VALUES (163, 163, 163, 164, 'Qui excepturi suscipit reprehenderit molestiae fuga sequi. Architecto sed rem ab ipsum cumque quia ratione. Nihil amet sint ad incidunt.', 1, 1, '1985-02-04 23:33:33');
INSERT INTO `messages` (`id`, `from_users_id`, `to_users_id`, `communities_id`, `body`, `is_important`, `is_delivered`, `created_at`) VALUES (164, 164, 164, 165, 'Tenetur id error dignissimos eum saepe iste omnis. Eum sapiente id aut perferendis. Sunt earum voluptatem nisi tempore ab et asperiores. Culpa aspernatur similique aut alias.', 1, 0, '1984-10-19 01:09:01');
INSERT INTO `messages` (`id`, `from_users_id`, `to_users_id`, `communities_id`, `body`, `is_important`, `is_delivered`, `created_at`) VALUES (165, 165, 165, 166, 'Qui nulla unde ea et excepturi. Repudiandae dolore qui praesentium voluptatem. Id quaerat fugiat rem enim.\nVoluptatem qui esse vel quis eum. Blanditiis esse id earum rerum quo similique.', 0, 0, '1981-02-22 13:46:56');
INSERT INTO `messages` (`id`, `from_users_id`, `to_users_id`, `communities_id`, `body`, `is_important`, `is_delivered`, `created_at`) VALUES (166, 166, 166, 167, 'Recusandae dolores beatae et aperiam impedit. Quis quibusdam tempora tempora tenetur. Non dicta sint sint illum autem.', 1, 0, '1986-05-31 17:30:23');
INSERT INTO `messages` (`id`, `from_users_id`, `to_users_id`, `communities_id`, `body`, `is_important`, `is_delivered`, `created_at`) VALUES (167, 167, 167, 168, 'Perspiciatis sunt saepe consectetur odit sit. Nihil qui perferendis quis a eaque aut non eligendi. Nihil laborum harum cumque eum. Architecto sapiente quidem expedita.', 1, 0, '1986-08-06 00:16:22');
INSERT INTO `messages` (`id`, `from_users_id`, `to_users_id`, `communities_id`, `body`, `is_important`, `is_delivered`, `created_at`) VALUES (168, 168, 168, 169, 'Expedita tempora minus ut quidem. Dolor impedit reprehenderit quia unde et rem accusamus. Ipsam et velit voluptas velit ut asperiores. Ducimus eligendi impedit doloribus temporibus minima.', 0, 1, '2015-03-19 05:08:36');
INSERT INTO `messages` (`id`, `from_users_id`, `to_users_id`, `communities_id`, `body`, `is_important`, `is_delivered`, `created_at`) VALUES (169, 169, 169, 170, 'Delectus et voluptates eaque dolores id et ut. Animi sunt consequatur natus rerum ea. Voluptas fugiat aperiam distinctio. Odio esse incidunt voluptatem veritatis repellat.', 1, 1, '1980-10-05 07:41:25');
INSERT INTO `messages` (`id`, `from_users_id`, `to_users_id`, `communities_id`, `body`, `is_important`, `is_delivered`, `created_at`) VALUES (170, 170, 170, 171, 'Repudiandae sequi sapiente necessitatibus sit culpa quos. Nostrum laboriosam velit sint temporibus dicta. Eaque delectus soluta nesciunt quam a. Et est hic accusamus assumenda et et.', 0, 1, '1979-06-05 04:34:00');
INSERT INTO `messages` (`id`, `from_users_id`, `to_users_id`, `communities_id`, `body`, `is_important`, `is_delivered`, `created_at`) VALUES (171, 171, 171, 172, 'Quo reiciendis quae placeat occaecati. Assumenda quaerat veniam est quidem quis quasi. Totam quod vero suscipit.', 1, 0, '1994-02-03 04:49:56');
INSERT INTO `messages` (`id`, `from_users_id`, `to_users_id`, `communities_id`, `body`, `is_important`, `is_delivered`, `created_at`) VALUES (172, 172, 172, 173, 'Id omnis necessitatibus velit in. Sed nemo quaerat soluta impedit sed. Qui a ab fugiat dolore libero tenetur recusandae.', 0, 0, '2016-05-06 15:27:22');
INSERT INTO `messages` (`id`, `from_users_id`, `to_users_id`, `communities_id`, `body`, `is_important`, `is_delivered`, `created_at`) VALUES (173, 173, 173, 174, 'Rem dolorum velit pariatur voluptas. Nisi sit harum ea. Et nobis consequatur debitis earum ut.', 0, 0, '2018-04-06 16:15:54');
INSERT INTO `messages` (`id`, `from_users_id`, `to_users_id`, `communities_id`, `body`, `is_important`, `is_delivered`, `created_at`) VALUES (174, 174, 174, 175, 'Non deleniti optio quas harum ad. Ratione soluta atque dolorem cum velit ea. Iure aut veritatis deleniti atque qui. Dignissimos exercitationem blanditiis maiores minus recusandae.', 0, 0, '1974-02-05 22:23:17');
INSERT INTO `messages` (`id`, `from_users_id`, `to_users_id`, `communities_id`, `body`, `is_important`, `is_delivered`, `created_at`) VALUES (175, 175, 175, 176, 'Quia autem distinctio et dolorem minus quia. Consequuntur rerum sapiente officia optio ipsam consequatur. Minus est similique occaecati harum id.', 1, 1, '2002-09-09 14:21:07');
INSERT INTO `messages` (`id`, `from_users_id`, `to_users_id`, `communities_id`, `body`, `is_important`, `is_delivered`, `created_at`) VALUES (176, 176, 176, 177, 'Officiis et voluptatem corporis cupiditate. Laudantium eum incidunt ipsam natus quis unde quisquam. Voluptas sint deserunt iure deserunt quia. Ut alias voluptatem ducimus magni placeat quia eius.', 0, 1, '1997-12-07 20:37:47');
INSERT INTO `messages` (`id`, `from_users_id`, `to_users_id`, `communities_id`, `body`, `is_important`, `is_delivered`, `created_at`) VALUES (177, 177, 177, 178, 'Veritatis aut omnis aut. Voluptatibus dolorum et quisquam ipsam voluptates eveniet.', 0, 1, '1976-03-30 05:54:37');
INSERT INTO `messages` (`id`, `from_users_id`, `to_users_id`, `communities_id`, `body`, `is_important`, `is_delivered`, `created_at`) VALUES (178, 178, 178, 179, 'Sed voluptates et pariatur necessitatibus corrupti quia sed. Quis est cupiditate soluta aut voluptatem. Ea voluptas voluptatum consequatur fugit fuga. Consequatur ut qui natus amet.', 0, 1, '2019-10-17 02:22:37');
INSERT INTO `messages` (`id`, `from_users_id`, `to_users_id`, `communities_id`, `body`, `is_important`, `is_delivered`, `created_at`) VALUES (179, 179, 179, 180, 'Exercitationem numquam quod quasi est libero nihil dolorem. Dolore qui vitae velit ipsa quae velit. Est accusamus corporis magnam aut est quae fugit consequatur.', 0, 0, '1985-01-01 04:38:56');
INSERT INTO `messages` (`id`, `from_users_id`, `to_users_id`, `communities_id`, `body`, `is_important`, `is_delivered`, `created_at`) VALUES (180, 180, 180, 181, 'Qui ea iste explicabo tenetur qui ut. Et maiores debitis dolorum. Cupiditate libero totam omnis.', 1, 1, '2002-04-29 19:37:54');
INSERT INTO `messages` (`id`, `from_users_id`, `to_users_id`, `communities_id`, `body`, `is_important`, `is_delivered`, `created_at`) VALUES (181, 181, 181, 182, 'Dolores voluptas nam quia sint sint consequatur. Voluptatem aut repellendus ea magni. Nam nobis alias tempore tenetur. Qui placeat sint sunt quis ducimus libero ea consectetur.', 1, 0, '2008-07-29 18:00:47');
INSERT INTO `messages` (`id`, `from_users_id`, `to_users_id`, `communities_id`, `body`, `is_important`, `is_delivered`, `created_at`) VALUES (182, 182, 182, 183, 'Dicta culpa est autem. Deserunt voluptatum asperiores voluptatem neque. Aut explicabo omnis mollitia neque soluta et.\nDolore eos id qui earum repellendus. Magnam doloribus veniam eos inventore est.', 0, 1, '1986-05-18 06:48:27');
INSERT INTO `messages` (`id`, `from_users_id`, `to_users_id`, `communities_id`, `body`, `is_important`, `is_delivered`, `created_at`) VALUES (183, 183, 183, 184, 'Et expedita est quibusdam. Quia aut et quia quisquam voluptatem. Eveniet nesciunt quasi ut et dolorem libero. Reprehenderit error qui qui. Animi magni velit fugit adipisci sint.', 1, 1, '1979-05-08 07:00:08');
INSERT INTO `messages` (`id`, `from_users_id`, `to_users_id`, `communities_id`, `body`, `is_important`, `is_delivered`, `created_at`) VALUES (184, 184, 184, 185, 'Dignissimos quam molestiae necessitatibus aliquam minima molestias. Cum voluptas doloribus sunt minima nostrum.', 0, 0, '1983-09-25 22:12:41');
INSERT INTO `messages` (`id`, `from_users_id`, `to_users_id`, `communities_id`, `body`, `is_important`, `is_delivered`, `created_at`) VALUES (185, 185, 185, 186, 'Iure iste ratione qui quia. Qui inventore id quae corporis earum. Occaecati culpa ad eum voluptatem placeat voluptate.', 0, 1, '2005-05-19 08:56:44');
INSERT INTO `messages` (`id`, `from_users_id`, `to_users_id`, `communities_id`, `body`, `is_important`, `is_delivered`, `created_at`) VALUES (186, 186, 186, 187, 'Illum non et sequi dolores nemo. Voluptatem expedita nam officiis quo laudantium reiciendis nisi non. Eum eligendi sit ut sint est quisquam.', 1, 1, '2004-03-03 19:33:29');
INSERT INTO `messages` (`id`, `from_users_id`, `to_users_id`, `communities_id`, `body`, `is_important`, `is_delivered`, `created_at`) VALUES (187, 187, 187, 188, 'Fugiat cupiditate velit facere itaque inventore. Dolorum non tempora consequatur culpa. Eligendi enim ut atque ullam ea est.', 0, 1, '2012-07-21 15:45:17');
INSERT INTO `messages` (`id`, `from_users_id`, `to_users_id`, `communities_id`, `body`, `is_important`, `is_delivered`, `created_at`) VALUES (188, 188, 188, 189, 'Odit laborum adipisci adipisci ullam accusantium deserunt itaque quod. Voluptatibus ipsa voluptatem est quia. Laboriosam ea facilis sapiente laudantium deserunt ut quo.', 1, 1, '1976-06-04 11:13:56');
INSERT INTO `messages` (`id`, `from_users_id`, `to_users_id`, `communities_id`, `body`, `is_important`, `is_delivered`, `created_at`) VALUES (189, 189, 189, 190, 'Debitis amet inventore et voluptas eum quia. Velit aut molestias cum quia. Velit error voluptas fuga molestias aliquam. Mollitia corrupti ab nesciunt.', 0, 0, '2001-09-17 05:50:33');
INSERT INTO `messages` (`id`, `from_users_id`, `to_users_id`, `communities_id`, `body`, `is_important`, `is_delivered`, `created_at`) VALUES (190, 190, 190, 191, 'Culpa necessitatibus hic consectetur eum. Vitae dolores et consequatur voluptas reiciendis libero dignissimos. Doloribus non blanditiis a vero qui.', 0, 0, '1994-11-09 20:18:03');
INSERT INTO `messages` (`id`, `from_users_id`, `to_users_id`, `communities_id`, `body`, `is_important`, `is_delivered`, `created_at`) VALUES (191, 191, 191, 192, 'Consequuntur iste ratione eos harum sit velit. Et itaque ea fugiat voluptas et. Quidem non earum temporibus.', 1, 0, '2001-04-17 08:37:59');
INSERT INTO `messages` (`id`, `from_users_id`, `to_users_id`, `communities_id`, `body`, `is_important`, `is_delivered`, `created_at`) VALUES (192, 192, 192, 193, 'Vel adipisci quasi nihil beatae quam. Tempore natus occaecati itaque sint. Aliquid facilis quasi deserunt id qui assumenda maxime. Maxime totam incidunt corrupti eveniet ab est impedit rerum.', 1, 1, '1971-01-03 04:38:40');
INSERT INTO `messages` (`id`, `from_users_id`, `to_users_id`, `communities_id`, `body`, `is_important`, `is_delivered`, `created_at`) VALUES (193, 193, 193, 194, 'Ducimus eligendi ut inventore voluptas qui ipsum. Qui sed voluptatem doloribus eum labore nisi. Omnis quis sit sit quasi non.', 1, 0, '1986-07-10 00:30:50');
INSERT INTO `messages` (`id`, `from_users_id`, `to_users_id`, `communities_id`, `body`, `is_important`, `is_delivered`, `created_at`) VALUES (194, 194, 194, 195, 'Et optio vel ut est neque suscipit commodi. Rem necessitatibus vitae qui quibusdam delectus. Sed exercitationem nobis officia est.', 0, 1, '2014-01-15 04:07:15');
INSERT INTO `messages` (`id`, `from_users_id`, `to_users_id`, `communities_id`, `body`, `is_important`, `is_delivered`, `created_at`) VALUES (195, 195, 195, 196, 'Id dolor et exercitationem consequuntur maxime recusandae. Praesentium quisquam velit quia aperiam. Vero fugit facilis consequuntur.', 1, 0, '2004-04-14 10:02:52');
INSERT INTO `messages` (`id`, `from_users_id`, `to_users_id`, `communities_id`, `body`, `is_important`, `is_delivered`, `created_at`) VALUES (196, 196, 196, 197, 'Officia rerum possimus rerum laborum. Est et autem illo rem. Qui itaque blanditiis iusto numquam cumque et cumque.', 1, 1, '2006-11-27 00:33:40');
INSERT INTO `messages` (`id`, `from_users_id`, `to_users_id`, `communities_id`, `body`, `is_important`, `is_delivered`, `created_at`) VALUES (197, 197, 197, 198, 'Voluptatem ea quia ratione doloribus ut non et unde. Laudantium culpa quo rerum exercitationem facere. Nulla voluptatibus id omnis non. Nesciunt et necessitatibus sint reprehenderit molestias ut.', 1, 1, '1992-08-19 14:10:00');
INSERT INTO `messages` (`id`, `from_users_id`, `to_users_id`, `communities_id`, `body`, `is_important`, `is_delivered`, `created_at`) VALUES (198, 198, 198, 199, 'Sed non nam impedit. Debitis neque cumque omnis deleniti quis. Optio nemo esse culpa. Quas perspiciatis incidunt vel ipsa velit ut.', 1, 0, '1992-07-29 12:04:36');
INSERT INTO `messages` (`id`, `from_users_id`, `to_users_id`, `communities_id`, `body`, `is_important`, `is_delivered`, `created_at`) VALUES (199, 199, 199, 200, 'Expedita magni possimus sequi et. Sed dolorem aliquam numquam beatae accusamus dolores. Eligendi aliquid dolores odit minus omnis totam sit. Ad qui veniam aliquid veniam non nulla.', 1, 1, '1999-10-15 01:39:52');


#
# TABLE STRUCTURE FOR: profiles
#

DROP TABLE IF EXISTS `profiles`;

CREATE TABLE `profiles` (
  `users_id` int(10) unsigned NOT NULL,
  `gender` char(1) COLLATE utf8_unicode_ci NOT NULL,
  `birthday` date DEFAULT NULL,
  `city` varchar(100) COLLATE utf8_unicode_ci DEFAULT NULL,
  `country` varchar(100) COLLATE utf8_unicode_ci DEFAULT NULL,
  `photo_id` int(10) unsigned DEFAULT NULL,
  PRIMARY KEY (`users_id`)
) ENGINE=InnoDB DEFAULT CHARSET=utf8 COLLATE=utf8_unicode_ci;

INSERT INTO `profiles` (`users_id`, `gender`, `birthday`, `city`, `country`, `photo_id`) VALUES (100, 'D', '1987-03-12', 'West Adan', '408445936', 0);
INSERT INTO `profiles` (`users_id`, `gender`, `birthday`, `city`, `country`, `photo_id`) VALUES (101, 'M', '2020-11-10', 'Luettgenborough', '947', 0);
INSERT INTO `profiles` (`users_id`, `gender`, `birthday`, `city`, `country`, `photo_id`) VALUES (102, 'M', '1985-09-01', 'O\'Harachester', '9', 0);
INSERT INTO `profiles` (`users_id`, `gender`, `birthday`, `city`, `country`, `photo_id`) VALUES (103, 'M', '1989-11-08', 'Greenside', '72748', 0);
INSERT INTO `profiles` (`users_id`, `gender`, `birthday`, `city`, `country`, `photo_id`) VALUES (104, 'M', '1977-07-15', 'Benjaminstad', '', 0);
INSERT INTO `profiles` (`users_id`, `gender`, `birthday`, `city`, `country`, `photo_id`) VALUES (105, 'P', '1972-06-13', 'East Darryl', '9274', 0);
INSERT INTO `profiles` (`users_id`, `gender`, `birthday`, `city`, `country`, `photo_id`) VALUES (106, 'D', '1975-06-13', 'Carterfort', '3', 0);
INSERT INTO `profiles` (`users_id`, `gender`, `birthday`, `city`, `country`, `photo_id`) VALUES (107, 'P', '2020-08-02', 'Port Brad', '14898', 0);
INSERT INTO `profiles` (`users_id`, `gender`, `birthday`, `city`, `country`, `photo_id`) VALUES (108, 'M', '1983-04-13', 'Lake Linafurt', '5697206', 0);
INSERT INTO `profiles` (`users_id`, `gender`, `birthday`, `city`, `country`, `photo_id`) VALUES (109, 'M', '1972-12-11', 'West Gilesfort', '65542', 0);
INSERT INTO `profiles` (`users_id`, `gender`, `birthday`, `city`, `country`, `photo_id`) VALUES (110, 'M', '1995-04-14', 'Bernhardmouth', '4923', 0);
INSERT INTO `profiles` (`users_id`, `gender`, `birthday`, `city`, `country`, `photo_id`) VALUES (111, 'M', '2003-01-02', 'Alysaborough', '85987403', 0);
INSERT INTO `profiles` (`users_id`, `gender`, `birthday`, `city`, `country`, `photo_id`) VALUES (112, 'D', '2009-12-20', 'West Hymanport', '87153', 0);
INSERT INTO `profiles` (`users_id`, `gender`, `birthday`, `city`, `country`, `photo_id`) VALUES (113, 'M', '1971-02-13', 'North Leopoldomouth', '', 0);
INSERT INTO `profiles` (`users_id`, `gender`, `birthday`, `city`, `country`, `photo_id`) VALUES (114, 'P', '2001-05-18', 'Dorristown', '8855666', 0);
INSERT INTO `profiles` (`users_id`, `gender`, `birthday`, `city`, `country`, `photo_id`) VALUES (115, 'M', '1987-12-05', 'Lake Holly', '48923447', 0);
INSERT INTO `profiles` (`users_id`, `gender`, `birthday`, `city`, `country`, `photo_id`) VALUES (116, 'P', '1979-05-04', 'Maceytown', '92', 0);
INSERT INTO `profiles` (`users_id`, `gender`, `birthday`, `city`, `country`, `photo_id`) VALUES (117, 'M', '2013-12-03', 'South Orion', '6', 0);
INSERT INTO `profiles` (`users_id`, `gender`, `birthday`, `city`, `country`, `photo_id`) VALUES (118, 'M', '1976-09-17', 'Effertzville', '86', 0);
INSERT INTO `profiles` (`users_id`, `gender`, `birthday`, `city`, `country`, `photo_id`) VALUES (119, 'M', '1999-07-28', 'East Marcelshire', '91', 0);
INSERT INTO `profiles` (`users_id`, `gender`, `birthday`, `city`, `country`, `photo_id`) VALUES (120, 'D', '1977-12-25', 'Kutchville', '248713', 0);
INSERT INTO `profiles` (`users_id`, `gender`, `birthday`, `city`, `country`, `photo_id`) VALUES (121, 'P', '2006-10-11', 'West Lelahland', '6', 0);
INSERT INTO `profiles` (`users_id`, `gender`, `birthday`, `city`, `country`, `photo_id`) VALUES (122, 'P', '2012-06-14', 'New Wilson', '77', 0);
INSERT INTO `profiles` (`users_id`, `gender`, `birthday`, `city`, `country`, `photo_id`) VALUES (123, 'M', '1998-04-13', 'Brownview', '1105', 0);
INSERT INTO `profiles` (`users_id`, `gender`, `birthday`, `city`, `country`, `photo_id`) VALUES (124, 'P', '1975-02-02', 'Lake Joycefort', '699365334', 0);
INSERT INTO `profiles` (`users_id`, `gender`, `birthday`, `city`, `country`, `photo_id`) VALUES (125, 'D', '1979-11-30', 'Rodhaven', '67825', 0);
INSERT INTO `profiles` (`users_id`, `gender`, `birthday`, `city`, `country`, `photo_id`) VALUES (126, 'M', '2019-09-27', 'Broderickton', '28', 0);
INSERT INTO `profiles` (`users_id`, `gender`, `birthday`, `city`, `country`, `photo_id`) VALUES (127, 'M', '2016-04-11', 'Brownview', '241339', 0);
INSERT INTO `profiles` (`users_id`, `gender`, `birthday`, `city`, `country`, `photo_id`) VALUES (128, 'P', '2012-10-25', 'West Kenyatown', '57715', 0);
INSERT INTO `profiles` (`users_id`, `gender`, `birthday`, `city`, `country`, `photo_id`) VALUES (129, 'D', '2018-03-06', 'New Elyssatown', '44098', 0);
INSERT INTO `profiles` (`users_id`, `gender`, `birthday`, `city`, `country`, `photo_id`) VALUES (130, 'P', '2012-09-04', 'Hickleshire', '', 0);
INSERT INTO `profiles` (`users_id`, `gender`, `birthday`, `city`, `country`, `photo_id`) VALUES (131, 'D', '1997-11-06', 'West Pearlshire', '7719494', 0);
INSERT INTO `profiles` (`users_id`, `gender`, `birthday`, `city`, `country`, `photo_id`) VALUES (132, 'D', '2020-02-18', 'West Quintonview', '30240', 0);
INSERT INTO `profiles` (`users_id`, `gender`, `birthday`, `city`, `country`, `photo_id`) VALUES (133, 'D', '1997-02-25', 'Eleanoraberg', '1027', 0);
INSERT INTO `profiles` (`users_id`, `gender`, `birthday`, `city`, `country`, `photo_id`) VALUES (134, 'D', '1999-04-15', 'Port Danikaborough', '8079', 0);
INSERT INTO `profiles` (`users_id`, `gender`, `birthday`, `city`, `country`, `photo_id`) VALUES (135, 'P', '2002-09-13', 'East Yasmeenfort', '67741', 0);
INSERT INTO `profiles` (`users_id`, `gender`, `birthday`, `city`, `country`, `photo_id`) VALUES (136, 'P', '2017-08-21', 'East Raoulport', '4', 0);
INSERT INTO `profiles` (`users_id`, `gender`, `birthday`, `city`, `country`, `photo_id`) VALUES (137, 'M', '1982-12-20', 'Joanieton', '8527', 0);
INSERT INTO `profiles` (`users_id`, `gender`, `birthday`, `city`, `country`, `photo_id`) VALUES (138, 'M', '2002-10-12', 'East Hiramfort', '813', 0);
INSERT INTO `profiles` (`users_id`, `gender`, `birthday`, `city`, `country`, `photo_id`) VALUES (139, 'D', '1980-07-22', 'Brekkeburgh', '746782040', 0);
INSERT INTO `profiles` (`users_id`, `gender`, `birthday`, `city`, `country`, `photo_id`) VALUES (140, 'M', '2016-10-27', 'Abigalemouth', '8218', 0);
INSERT INTO `profiles` (`users_id`, `gender`, `birthday`, `city`, `country`, `photo_id`) VALUES (141, 'M', '1995-03-29', 'Schowalterport', '22', 0);
INSERT INTO `profiles` (`users_id`, `gender`, `birthday`, `city`, `country`, `photo_id`) VALUES (142, 'M', '2020-11-06', 'Euniceshire', '16012', 0);
INSERT INTO `profiles` (`users_id`, `gender`, `birthday`, `city`, `country`, `photo_id`) VALUES (143, 'D', '2002-10-21', 'Jacintoview', '', 0);
INSERT INTO `profiles` (`users_id`, `gender`, `birthday`, `city`, `country`, `photo_id`) VALUES (144, 'D', '1976-07-11', 'South Sydnee', '1562479', 0);
INSERT INTO `profiles` (`users_id`, `gender`, `birthday`, `city`, `country`, `photo_id`) VALUES (145, 'P', '2018-04-07', 'New Greg', '667', 0);
INSERT INTO `profiles` (`users_id`, `gender`, `birthday`, `city`, `country`, `photo_id`) VALUES (146, 'M', '1998-04-18', 'Harleyport', '', 0);
INSERT INTO `profiles` (`users_id`, `gender`, `birthday`, `city`, `country`, `photo_id`) VALUES (147, 'D', '2012-10-03', 'North Dariana', '3', 0);
INSERT INTO `profiles` (`users_id`, `gender`, `birthday`, `city`, `country`, `photo_id`) VALUES (148, 'M', '2008-05-19', 'Kuhlmanborough', '778931', 0);
INSERT INTO `profiles` (`users_id`, `gender`, `birthday`, `city`, `country`, `photo_id`) VALUES (149, 'D', '1992-01-04', 'Champlinport', '63', 0);
INSERT INTO `profiles` (`users_id`, `gender`, `birthday`, `city`, `country`, `photo_id`) VALUES (150, 'D', '2010-04-17', 'Lake Alison', '78018', 0);
INSERT INTO `profiles` (`users_id`, `gender`, `birthday`, `city`, `country`, `photo_id`) VALUES (151, 'P', '1989-05-21', 'Beckerton', '78004', 0);
INSERT INTO `profiles` (`users_id`, `gender`, `birthday`, `city`, `country`, `photo_id`) VALUES (152, 'D', '1988-01-03', 'South Anna', '9', 0);
INSERT INTO `profiles` (`users_id`, `gender`, `birthday`, `city`, `country`, `photo_id`) VALUES (153, 'M', '2005-05-06', 'West Iantown', '325663', 0);
INSERT INTO `profiles` (`users_id`, `gender`, `birthday`, `city`, `country`, `photo_id`) VALUES (154, 'D', '1977-11-30', 'Rollinshire', '', 0);
INSERT INTO `profiles` (`users_id`, `gender`, `birthday`, `city`, `country`, `photo_id`) VALUES (155, 'P', '2009-11-03', 'North Kristopher', '7957075', 0);
INSERT INTO `profiles` (`users_id`, `gender`, `birthday`, `city`, `country`, `photo_id`) VALUES (156, 'D', '2002-11-21', 'East Nilshaven', '846', 0);
INSERT INTO `profiles` (`users_id`, `gender`, `birthday`, `city`, `country`, `photo_id`) VALUES (157, 'M', '1975-12-01', 'North Dedrick', '2', 0);
INSERT INTO `profiles` (`users_id`, `gender`, `birthday`, `city`, `country`, `photo_id`) VALUES (158, 'P', '2020-10-14', 'Loweview', '3', 0);
INSERT INTO `profiles` (`users_id`, `gender`, `birthday`, `city`, `country`, `photo_id`) VALUES (159, 'P', '2018-11-21', 'West Kurtisville', '55999', 0);
INSERT INTO `profiles` (`users_id`, `gender`, `birthday`, `city`, `country`, `photo_id`) VALUES (160, 'D', '1991-05-03', 'Klockofort', '8065475', 0);
INSERT INTO `profiles` (`users_id`, `gender`, `birthday`, `city`, `country`, `photo_id`) VALUES (161, 'M', '1984-06-01', 'Bernardborough', '56822809', 0);
INSERT INTO `profiles` (`users_id`, `gender`, `birthday`, `city`, `country`, `photo_id`) VALUES (162, 'M', '2005-11-26', 'Port Weston', '61', 0);
INSERT INTO `profiles` (`users_id`, `gender`, `birthday`, `city`, `country`, `photo_id`) VALUES (163, 'M', '1974-12-31', 'West Crystal', '857666155', 0);
INSERT INTO `profiles` (`users_id`, `gender`, `birthday`, `city`, `country`, `photo_id`) VALUES (164, 'M', '1986-05-31', 'East Ines', '745666557', 0);
INSERT INTO `profiles` (`users_id`, `gender`, `birthday`, `city`, `country`, `photo_id`) VALUES (165, 'M', '2002-03-22', 'West Janelleside', '61997', 0);
INSERT INTO `profiles` (`users_id`, `gender`, `birthday`, `city`, `country`, `photo_id`) VALUES (166, 'M', '1977-10-05', 'Cassinland', '', 0);
INSERT INTO `profiles` (`users_id`, `gender`, `birthday`, `city`, `country`, `photo_id`) VALUES (167, 'P', '1977-05-11', 'Steubermouth', '810173105', 0);
INSERT INTO `profiles` (`users_id`, `gender`, `birthday`, `city`, `country`, `photo_id`) VALUES (168, 'M', '1991-01-01', 'Stevemouth', '140', 0);
INSERT INTO `profiles` (`users_id`, `gender`, `birthday`, `city`, `country`, `photo_id`) VALUES (169, 'M', '2007-03-09', 'New Terrill', '448', 0);
INSERT INTO `profiles` (`users_id`, `gender`, `birthday`, `city`, `country`, `photo_id`) VALUES (170, 'D', '1994-03-09', 'South Javonteview', '4', 0);
INSERT INTO `profiles` (`users_id`, `gender`, `birthday`, `city`, `country`, `photo_id`) VALUES (171, 'P', '1986-01-24', 'Gerdastad', '43743', 0);
INSERT INTO `profiles` (`users_id`, `gender`, `birthday`, `city`, `country`, `photo_id`) VALUES (172, 'P', '1993-09-27', 'Lake Eugenia', '805571979', 0);
INSERT INTO `profiles` (`users_id`, `gender`, `birthday`, `city`, `country`, `photo_id`) VALUES (173, 'P', '1996-10-23', 'Kameronborough', '961', 0);
INSERT INTO `profiles` (`users_id`, `gender`, `birthday`, `city`, `country`, `photo_id`) VALUES (174, 'M', '1999-12-02', 'Kalliemouth', '21596077', 0);
INSERT INTO `profiles` (`users_id`, `gender`, `birthday`, `city`, `country`, `photo_id`) VALUES (175, 'M', '2006-12-25', 'New Jaquantown', '36038', 0);
INSERT INTO `profiles` (`users_id`, `gender`, `birthday`, `city`, `country`, `photo_id`) VALUES (176, 'P', '1985-06-08', 'South Dakota', '37481', 0);
INSERT INTO `profiles` (`users_id`, `gender`, `birthday`, `city`, `country`, `photo_id`) VALUES (177, 'P', '1974-09-15', 'Dooleyburgh', '4579', 0);
INSERT INTO `profiles` (`users_id`, `gender`, `birthday`, `city`, `country`, `photo_id`) VALUES (178, 'D', '1988-11-29', 'Edwinbury', '8', 0);
INSERT INTO `profiles` (`users_id`, `gender`, `birthday`, `city`, `country`, `photo_id`) VALUES (179, 'P', '1971-12-31', 'Abbottville', '481', 0);
INSERT INTO `profiles` (`users_id`, `gender`, `birthday`, `city`, `country`, `photo_id`) VALUES (180, 'D', '1977-09-06', 'Lelandland', '2429', 0);
INSERT INTO `profiles` (`users_id`, `gender`, `birthday`, `city`, `country`, `photo_id`) VALUES (181, 'D', '1998-03-25', 'Toyburgh', '3134', 0);
INSERT INTO `profiles` (`users_id`, `gender`, `birthday`, `city`, `country`, `photo_id`) VALUES (182, 'M', '1985-08-13', 'Hartmannborough', '', 0);
INSERT INTO `profiles` (`users_id`, `gender`, `birthday`, `city`, `country`, `photo_id`) VALUES (183, 'P', '2008-03-28', 'North Heathmouth', '44781597', 0);
INSERT INTO `profiles` (`users_id`, `gender`, `birthday`, `city`, `country`, `photo_id`) VALUES (184, 'D', '2000-08-26', 'Lake Elmer', '245881064', 0);
INSERT INTO `profiles` (`users_id`, `gender`, `birthday`, `city`, `country`, `photo_id`) VALUES (185, 'M', '2008-01-19', 'Jadeview', '61348', 0);
INSERT INTO `profiles` (`users_id`, `gender`, `birthday`, `city`, `country`, `photo_id`) VALUES (186, 'M', '1972-07-05', 'South Henriette', '11843081', 0);
INSERT INTO `profiles` (`users_id`, `gender`, `birthday`, `city`, `country`, `photo_id`) VALUES (187, 'D', '1971-11-08', 'Gradyside', '86488736', 0);
INSERT INTO `profiles` (`users_id`, `gender`, `birthday`, `city`, `country`, `photo_id`) VALUES (188, 'D', '2001-06-10', 'New Elainaville', '462388104', 0);
INSERT INTO `profiles` (`users_id`, `gender`, `birthday`, `city`, `country`, `photo_id`) VALUES (189, 'M', '2008-11-25', 'Rolfsonbury', '1934192', 0);
INSERT INTO `profiles` (`users_id`, `gender`, `birthday`, `city`, `country`, `photo_id`) VALUES (190, 'M', '2002-01-04', 'Evalynchester', '494', 0);
INSERT INTO `profiles` (`users_id`, `gender`, `birthday`, `city`, `country`, `photo_id`) VALUES (191, 'P', '1985-05-08', 'Lake Destinyborough', '72', 0);
INSERT INTO `profiles` (`users_id`, `gender`, `birthday`, `city`, `country`, `photo_id`) VALUES (192, 'M', '1980-12-03', 'Lake Rylan', '218861319', 0);
INSERT INTO `profiles` (`users_id`, `gender`, `birthday`, `city`, `country`, `photo_id`) VALUES (193, 'D', '1983-05-21', 'South Clinton', '328727', 0);
INSERT INTO `profiles` (`users_id`, `gender`, `birthday`, `city`, `country`, `photo_id`) VALUES (194, 'M', '1999-01-04', 'Rowenaberg', '5282989', 0);
INSERT INTO `profiles` (`users_id`, `gender`, `birthday`, `city`, `country`, `photo_id`) VALUES (195, 'M', '1981-09-18', 'Lake Eleazarton', '96624140', 0);
INSERT INTO `profiles` (`users_id`, `gender`, `birthday`, `city`, `country`, `photo_id`) VALUES (196, 'M', '1995-08-21', 'Mylesstad', '838', 0);
INSERT INTO `profiles` (`users_id`, `gender`, `birthday`, `city`, `country`, `photo_id`) VALUES (197, 'P', '1986-10-14', 'Gerlachmouth', '1535', 0);
INSERT INTO `profiles` (`users_id`, `gender`, `birthday`, `city`, `country`, `photo_id`) VALUES (198, 'M', '1995-08-09', 'Lake Brayanmouth', '3', 0);
INSERT INTO `profiles` (`users_id`, `gender`, `birthday`, `city`, `country`, `photo_id`) VALUES (199, 'P', '2020-04-21', 'Reedville', '58877805', 0);


#
# TABLE STRUCTURE FOR: users
#

DROP TABLE IF EXISTS `users`;

CREATE TABLE `users` (
  `id` int(10) unsigned NOT NULL AUTO_INCREMENT,
  `first_name` varchar(100) COLLATE utf8_unicode_ci NOT NULL,
  `last_name` varchar(100) COLLATE utf8_unicode_ci NOT NULL,
  `email` varchar(120) COLLATE utf8_unicode_ci NOT NULL,
  `phone` varchar(120) COLLATE utf8_unicode_ci NOT NULL,
  `created_at` datetime DEFAULT current_timestamp(),
  `updated_at` datetime DEFAULT current_timestamp() ON UPDATE current_timestamp(),
  PRIMARY KEY (`id`),
  UNIQUE KEY `email` (`email`),
  UNIQUE KEY `phone` (`phone`)
) ENGINE=InnoDB AUTO_INCREMENT=200 DEFAULT CHARSET=utf8 COLLATE=utf8_unicode_ci;

INSERT INTO `users` (`id`, `first_name`, `last_name`, `email`, `phone`, `created_at`, `updated_at`) VALUES (100, 'Michael', 'Durgan', 'beahan.carol@example.com', '1-382-706-6025x40348', '2006-08-25 20:14:27', '2001-01-08 14:57:44');
INSERT INTO `users` (`id`, `first_name`, `last_name`, `email`, `phone`, `created_at`, `updated_at`) VALUES (101, 'Lennie', 'Legros', 'ckshlerin@example.net', '068.953.2284', '1995-10-03 21:56:35', '1990-06-16 02:41:49');
INSERT INTO `users` (`id`, `first_name`, `last_name`, `email`, `phone`, `created_at`, `updated_at`) VALUES (102, 'Maude', 'Lynch', 'stokes.marlin@example.net', '+91(2)4564450645', '1981-04-03 00:10:26', '2001-04-25 07:19:05');
INSERT INTO `users` (`id`, `first_name`, `last_name`, `email`, `phone`, `created_at`, `updated_at`) VALUES (103, 'Alexie', 'Yundt', 'lmiller@example.net', '(676)930-4911x465', '2003-11-07 22:46:34', '1982-09-18 14:32:34');
INSERT INTO `users` (`id`, `first_name`, `last_name`, `email`, `phone`, `created_at`, `updated_at`) VALUES (104, 'Harmony', 'Feeney', 'stanton.cara@example.com', '1-864-346-2824x32351', '1982-09-01 07:58:32', '2003-03-03 18:52:26');
INSERT INTO `users` (`id`, `first_name`, `last_name`, `email`, `phone`, `created_at`, `updated_at`) VALUES (105, 'Toni', 'Mueller', 'uschimmel@example.net', '1-429-450-7924', '2020-12-13 03:50:04', '2004-06-05 01:04:28');
INSERT INTO `users` (`id`, `first_name`, `last_name`, `email`, `phone`, `created_at`, `updated_at`) VALUES (106, 'Weldon', 'Cartwright', 'verda.denesik@example.net', '552-946-7429x02925', '2010-05-11 12:23:31', '2020-08-21 15:49:36');
INSERT INTO `users` (`id`, `first_name`, `last_name`, `email`, `phone`, `created_at`, `updated_at`) VALUES (107, 'Destinee', 'Torp', 'naomie88@example.org', '(262)709-0186x42636', '1978-05-10 03:34:11', '2003-11-16 13:50:45');
INSERT INTO `users` (`id`, `first_name`, `last_name`, `email`, `phone`, `created_at`, `updated_at`) VALUES (108, 'Verna', 'Rutherford', 'khilll@example.com', '917.885.8118', '1984-03-14 11:13:53', '2010-03-29 00:06:11');
INSERT INTO `users` (`id`, `first_name`, `last_name`, `email`, `phone`, `created_at`, `updated_at`) VALUES (109, 'Angelo', 'Jacobs', 'magali15@example.com', '360.508.3524', '1971-11-29 01:32:55', '2001-07-11 18:41:33');
INSERT INTO `users` (`id`, `first_name`, `last_name`, `email`, `phone`, `created_at`, `updated_at`) VALUES (110, 'Kasey', 'Shanahan', 'leatha.grady@example.com', '1-233-192-3131', '1990-08-14 16:30:39', '2014-10-24 05:42:10');
INSERT INTO `users` (`id`, `first_name`, `last_name`, `email`, `phone`, `created_at`, `updated_at`) VALUES (111, 'Carleton', 'King', 'halvorson.rene@example.net', '335.067.1818x82733', '1985-03-04 18:59:45', '1990-12-07 02:44:21');
INSERT INTO `users` (`id`, `first_name`, `last_name`, `email`, `phone`, `created_at`, `updated_at`) VALUES (112, 'Jakayla', 'Ritchie', 'amorissette@example.net', '457.796.7390x132', '1999-09-28 08:11:38', '1993-09-03 03:57:15');
INSERT INTO `users` (`id`, `first_name`, `last_name`, `email`, `phone`, `created_at`, `updated_at`) VALUES (113, 'Summer', 'Welch', 'lbednar@example.net', '+46(7)7266587138', '1982-10-21 02:36:54', '1992-01-31 20:07:50');
INSERT INTO `users` (`id`, `first_name`, `last_name`, `email`, `phone`, `created_at`, `updated_at`) VALUES (114, 'Abby', 'Torphy', 'nia.kilback@example.org', '155.921.1353', '1993-07-23 19:58:47', '2009-10-20 11:43:18');
INSERT INTO `users` (`id`, `first_name`, `last_name`, `email`, `phone`, `created_at`, `updated_at`) VALUES (115, 'Bethel', 'Corkery', 'rylan.kerluke@example.com', '531.324.2166x261', '2015-04-06 15:15:01', '1993-06-03 18:28:24');
INSERT INTO `users` (`id`, `first_name`, `last_name`, `email`, `phone`, `created_at`, `updated_at`) VALUES (116, 'Joany', 'Prohaska', 'prudence44@example.net', '+29(0)0378487449', '2012-11-13 15:31:15', '1987-11-11 17:41:21');
INSERT INTO `users` (`id`, `first_name`, `last_name`, `email`, `phone`, `created_at`, `updated_at`) VALUES (117, 'Kacey', 'Bosco', 'tkilback@example.net', '1-899-057-7491', '1982-11-17 03:13:58', '2007-05-23 04:51:22');
INSERT INTO `users` (`id`, `first_name`, `last_name`, `email`, `phone`, `created_at`, `updated_at`) VALUES (118, 'Kianna', 'Kub', 'kamryn.mayert@example.com', '1-221-783-5853x21624', '1970-07-31 06:17:39', '1993-10-01 23:53:07');
INSERT INTO `users` (`id`, `first_name`, `last_name`, `email`, `phone`, `created_at`, `updated_at`) VALUES (119, 'Lulu', 'Green', 'cristobal91@example.com', '609.792.1908x30546', '1997-01-24 01:03:57', '2008-12-29 09:16:22');
INSERT INTO `users` (`id`, `first_name`, `last_name`, `email`, `phone`, `created_at`, `updated_at`) VALUES (120, 'Justyn', 'Durgan', 'calista20@example.net', '+91(7)6574549035', '1982-12-30 12:06:03', '1982-09-05 01:00:38');
INSERT INTO `users` (`id`, `first_name`, `last_name`, `email`, `phone`, `created_at`, `updated_at`) VALUES (121, 'Baby', 'Hagenes', 'fankunding@example.net', '480.648.3670', '1982-01-22 09:55:06', '2003-10-02 18:32:48');
INSERT INTO `users` (`id`, `first_name`, `last_name`, `email`, `phone`, `created_at`, `updated_at`) VALUES (122, 'Samantha', 'Purdy', 'xmuller@example.org', '1-998-390-1403x735', '1983-03-24 06:32:31', '1993-05-10 17:31:58');
INSERT INTO `users` (`id`, `first_name`, `last_name`, `email`, `phone`, `created_at`, `updated_at`) VALUES (123, 'Gunner', 'Bins', 'bspencer@example.net', '010-346-5893', '1972-05-15 00:59:33', '1998-04-30 13:01:50');
INSERT INTO `users` (`id`, `first_name`, `last_name`, `email`, `phone`, `created_at`, `updated_at`) VALUES (124, 'Tremayne', 'Aufderhar', 'pollich.glennie@example.com', '127.064.5307x294', '1995-07-23 20:44:36', '1998-04-05 16:56:15');
INSERT INTO `users` (`id`, `first_name`, `last_name`, `email`, `phone`, `created_at`, `updated_at`) VALUES (125, 'Georgianna', 'Crona', 'heathcote.tad@example.net', '366.058.9097x49707', '2017-02-25 09:31:54', '2006-02-09 06:01:38');
INSERT INTO `users` (`id`, `first_name`, `last_name`, `email`, `phone`, `created_at`, `updated_at`) VALUES (126, 'Corene', 'Stoltenberg', 'tatyana.frami@example.com', '280-367-8280', '1971-12-16 07:38:02', '2016-05-07 19:33:48');
INSERT INTO `users` (`id`, `first_name`, `last_name`, `email`, `phone`, `created_at`, `updated_at`) VALUES (127, 'Salma', 'Hilpert', 'evie60@example.org', '(450)694-4638', '2001-05-27 10:45:01', '1983-07-16 05:16:42');
INSERT INTO `users` (`id`, `first_name`, `last_name`, `email`, `phone`, `created_at`, `updated_at`) VALUES (128, 'Henri', 'Hammes', 'rosanna58@example.net', '670-567-6058', '1991-08-25 22:38:15', '2015-07-07 15:42:54');
INSERT INTO `users` (`id`, `first_name`, `last_name`, `email`, `phone`, `created_at`, `updated_at`) VALUES (129, 'Dillon', 'Kautzer', 'xhirthe@example.net', '862.874.0996', '1999-01-16 03:52:37', '1991-12-23 19:02:56');
INSERT INTO `users` (`id`, `first_name`, `last_name`, `email`, `phone`, `created_at`, `updated_at`) VALUES (130, 'Angela', 'Murray', 'mertz.esperanza@example.org', '(518)707-2280', '1971-10-03 15:21:06', '2002-09-28 10:57:17');
INSERT INTO `users` (`id`, `first_name`, `last_name`, `email`, `phone`, `created_at`, `updated_at`) VALUES (131, 'Sigmund', 'Koss', 'sanderson@example.net', '1-441-059-8754x02271', '2002-10-24 05:57:09', '2012-07-23 09:40:15');
INSERT INTO `users` (`id`, `first_name`, `last_name`, `email`, `phone`, `created_at`, `updated_at`) VALUES (132, 'Ona', 'Bauch', 'philip.wilkinson@example.com', '(699)296-4785x9826', '2019-01-16 02:51:47', '1986-08-17 07:05:55');
INSERT INTO `users` (`id`, `first_name`, `last_name`, `email`, `phone`, `created_at`, `updated_at`) VALUES (133, 'Randall', 'Stokes', 'ggaylord@example.com', '(262)713-7843x4344', '2010-04-28 14:53:10', '1998-10-15 22:40:02');
INSERT INTO `users` (`id`, `first_name`, `last_name`, `email`, `phone`, `created_at`, `updated_at`) VALUES (134, 'Michaela', 'Graham', 'arjun.mcdermott@example.org', '01254341049', '1974-12-12 11:29:35', '2016-11-23 06:57:08');
INSERT INTO `users` (`id`, `first_name`, `last_name`, `email`, `phone`, `created_at`, `updated_at`) VALUES (135, 'Richard', 'Kshlerin', 'kuhic.caitlyn@example.net', '456-550-7774', '1999-07-25 04:25:49', '2012-03-18 16:25:39');
INSERT INTO `users` (`id`, `first_name`, `last_name`, `email`, `phone`, `created_at`, `updated_at`) VALUES (136, 'Larissa', 'Bogan', 'schowalter.linwood@example.net', '205.065.2858', '2013-10-18 10:57:37', '1973-04-01 08:33:52');
INSERT INTO `users` (`id`, `first_name`, `last_name`, `email`, `phone`, `created_at`, `updated_at`) VALUES (137, 'Eliezer', 'Bashirian', 'macey.rutherford@example.com', '(172)420-4941x2996', '2009-12-29 16:34:40', '1999-03-03 16:18:45');
INSERT INTO `users` (`id`, `first_name`, `last_name`, `email`, `phone`, `created_at`, `updated_at`) VALUES (138, 'Carlotta', 'Koelpin', 'xernser@example.net', '036-582-9965x45148', '1984-02-03 01:19:58', '2019-06-30 07:04:24');
INSERT INTO `users` (`id`, `first_name`, `last_name`, `email`, `phone`, `created_at`, `updated_at`) VALUES (139, 'Candice', 'Steuber', 'lola15@example.com', '1-371-223-5492x7108', '1977-01-18 19:24:46', '2017-09-18 02:08:58');
INSERT INTO `users` (`id`, `first_name`, `last_name`, `email`, `phone`, `created_at`, `updated_at`) VALUES (140, 'Matilde', 'Buckridge', 'mcglynn.naomi@example.org', '(054)542-2870', '1989-12-27 11:08:58', '1989-02-06 17:37:26');
INSERT INTO `users` (`id`, `first_name`, `last_name`, `email`, `phone`, `created_at`, `updated_at`) VALUES (141, 'Juana', 'Hilll', 'jacobi.jamel@example.com', '134.457.8039', '1990-01-14 07:41:02', '1974-09-28 10:29:21');
INSERT INTO `users` (`id`, `first_name`, `last_name`, `email`, `phone`, `created_at`, `updated_at`) VALUES (142, 'Betsy', 'Fay', 'kbraun@example.com', '656.558.0171x4580', '2017-10-16 03:34:38', '1986-05-12 19:05:12');
INSERT INTO `users` (`id`, `first_name`, `last_name`, `email`, `phone`, `created_at`, `updated_at`) VALUES (143, 'Frances', 'Cummings', 'clare24@example.net', '1-671-380-0911x28992', '1975-07-02 22:02:39', '1982-06-07 16:49:38');
INSERT INTO `users` (`id`, `first_name`, `last_name`, `email`, `phone`, `created_at`, `updated_at`) VALUES (144, 'Ariel', 'Kuvalis', 'kgoodwin@example.org', '1-551-967-0299x12465', '1983-04-01 12:44:01', '1976-11-14 10:46:08');
INSERT INTO `users` (`id`, `first_name`, `last_name`, `email`, `phone`, `created_at`, `updated_at`) VALUES (145, 'Wilmer', 'Stokes', 'florida.marquardt@example.org', '+33(6)7142711000', '1974-11-14 04:33:25', '1972-09-11 03:21:54');
INSERT INTO `users` (`id`, `first_name`, `last_name`, `email`, `phone`, `created_at`, `updated_at`) VALUES (146, 'Jessika', 'Doyle', 'dannie88@example.org', '(846)492-4329', '2010-06-08 04:13:44', '2006-03-26 03:32:36');
INSERT INTO `users` (`id`, `first_name`, `last_name`, `email`, `phone`, `created_at`, `updated_at`) VALUES (147, 'Geoffrey', 'Schinner', 'williamson.salvador@example.org', '(750)021-5148', '2013-04-19 20:09:41', '1973-02-22 16:38:05');
INSERT INTO `users` (`id`, `first_name`, `last_name`, `email`, `phone`, `created_at`, `updated_at`) VALUES (148, 'Gwendolyn', 'Gulgowski', 'alec.jenkins@example.org', '1-637-098-5411x4481', '1993-03-05 04:44:26', '2014-01-12 09:52:51');
INSERT INTO `users` (`id`, `first_name`, `last_name`, `email`, `phone`, `created_at`, `updated_at`) VALUES (149, 'Coty', 'Bailey', 'xparker@example.org', '636-770-3613x68615', '2015-11-09 00:06:28', '2014-04-03 16:07:41');
INSERT INTO `users` (`id`, `first_name`, `last_name`, `email`, `phone`, `created_at`, `updated_at`) VALUES (150, 'Keven', 'VonRueden', 'leopold.ratke@example.org', '(871)294-2606x7576', '2014-11-06 00:30:24', '2015-07-31 12:13:33');
INSERT INTO `users` (`id`, `first_name`, `last_name`, `email`, `phone`, `created_at`, `updated_at`) VALUES (151, 'Shanel', 'Durgan', 'efren32@example.net', '(090)330-7152x31864', '1971-03-14 14:24:26', '2017-12-31 06:09:56');
INSERT INTO `users` (`id`, `first_name`, `last_name`, `email`, `phone`, `created_at`, `updated_at`) VALUES (152, 'Modesto', 'Deckow', 'gpacocha@example.org', '+42(8)4933260931', '1989-07-26 16:51:13', '1980-11-19 14:51:28');
INSERT INTO `users` (`id`, `first_name`, `last_name`, `email`, `phone`, `created_at`, `updated_at`) VALUES (153, 'Marion', 'Dickinson', 'albina.jakubowski@example.com', '1-431-998-2613x4090', '2011-05-28 19:51:14', '2004-04-26 11:04:04');
INSERT INTO `users` (`id`, `first_name`, `last_name`, `email`, `phone`, `created_at`, `updated_at`) VALUES (154, 'Lewis', 'Konopelski', 'christian.adams@example.org', '451-408-8974', '2002-11-29 04:51:27', '2005-12-20 23:59:46');
INSERT INTO `users` (`id`, `first_name`, `last_name`, `email`, `phone`, `created_at`, `updated_at`) VALUES (155, 'Celestine', 'Will', 'hermann41@example.net', '961.863.5061x91268', '1984-12-24 02:49:05', '2013-02-08 13:45:35');
INSERT INTO `users` (`id`, `first_name`, `last_name`, `email`, `phone`, `created_at`, `updated_at`) VALUES (156, 'Roscoe', 'Marvin', 'jerde.abelardo@example.com', '980.065.5591', '2011-06-24 11:35:37', '1981-02-15 23:06:39');
INSERT INTO `users` (`id`, `first_name`, `last_name`, `email`, `phone`, `created_at`, `updated_at`) VALUES (157, 'Jade', 'Waelchi', 'camryn.collins@example.net', '336-637-0523x40064', '1982-11-03 18:08:12', '1973-04-15 20:18:31');
INSERT INTO `users` (`id`, `first_name`, `last_name`, `email`, `phone`, `created_at`, `updated_at`) VALUES (158, 'Garfield', 'Berge', 'hoeger.luella@example.net', '149-187-3869', '1985-08-12 20:45:00', '2015-06-08 09:29:02');
INSERT INTO `users` (`id`, `first_name`, `last_name`, `email`, `phone`, `created_at`, `updated_at`) VALUES (159, 'Jovany', 'Crona', 'feil.shaina@example.org', '645-724-6966', '2002-11-12 17:55:54', '1983-11-13 00:02:00');
INSERT INTO `users` (`id`, `first_name`, `last_name`, `email`, `phone`, `created_at`, `updated_at`) VALUES (160, 'Giovani', 'Breitenberg', 'torphy.thalia@example.org', '(307)601-4266x770', '2015-01-02 01:02:58', '2017-07-22 04:27:06');
INSERT INTO `users` (`id`, `first_name`, `last_name`, `email`, `phone`, `created_at`, `updated_at`) VALUES (161, 'Christ', 'Buckridge', 'bailee24@example.com', '(565)984-6912x6923', '1973-10-06 02:47:24', '2002-06-19 11:17:13');
INSERT INTO `users` (`id`, `first_name`, `last_name`, `email`, `phone`, `created_at`, `updated_at`) VALUES (162, 'Cicero', 'Sporer', 'michale59@example.com', '567-685-9981x679', '2013-09-14 01:37:28', '1996-09-10 02:17:48');
INSERT INTO `users` (`id`, `first_name`, `last_name`, `email`, `phone`, `created_at`, `updated_at`) VALUES (163, 'Wilton', 'Herzog', 'nolan.evangeline@example.org', '695-462-8994x722', '1973-11-17 09:41:04', '1973-08-30 17:27:33');
INSERT INTO `users` (`id`, `first_name`, `last_name`, `email`, `phone`, `created_at`, `updated_at`) VALUES (164, 'Riley', 'Jacobi', 'alysa.schaden@example.org', '(467)839-9335x370', '1990-02-10 11:42:22', '2007-12-07 04:56:57');
INSERT INTO `users` (`id`, `first_name`, `last_name`, `email`, `phone`, `created_at`, `updated_at`) VALUES (165, 'River', 'Mitchell', 'blaze.hilpert@example.com', '464-219-0649', '2015-09-20 14:27:04', '1979-03-03 16:50:25');
INSERT INTO `users` (`id`, `first_name`, `last_name`, `email`, `phone`, `created_at`, `updated_at`) VALUES (166, 'Kamille', 'Hettinger', 'heathcote.cecelia@example.net', '(019)677-3511', '2008-04-02 18:47:29', '2002-08-14 06:30:26');
INSERT INTO `users` (`id`, `first_name`, `last_name`, `email`, `phone`, `created_at`, `updated_at`) VALUES (167, 'Braxton', 'Trantow', 'mohammed22@example.org', '+56(9)6282389368', '1988-06-26 16:51:58', '2003-04-11 11:42:16');
INSERT INTO `users` (`id`, `first_name`, `last_name`, `email`, `phone`, `created_at`, `updated_at`) VALUES (168, 'Oral', 'Rau', 'bankunding@example.net', '(027)329-3813', '2004-01-10 15:33:52', '2016-06-17 03:21:25');
INSERT INTO `users` (`id`, `first_name`, `last_name`, `email`, `phone`, `created_at`, `updated_at`) VALUES (169, 'Nedra', 'Ernser', 'nsenger@example.com', '547-203-6289', '1978-07-03 07:20:42', '1992-12-06 12:30:23');
INSERT INTO `users` (`id`, `first_name`, `last_name`, `email`, `phone`, `created_at`, `updated_at`) VALUES (170, 'Ilene', 'Schneider', 'dortha71@example.net', '05363824314', '1985-02-14 10:43:44', '2003-10-12 19:04:24');
INSERT INTO `users` (`id`, `first_name`, `last_name`, `email`, `phone`, `created_at`, `updated_at`) VALUES (171, 'Judge', 'Baumbach', 'zoie.medhurst@example.org', '1-156-571-2822', '1970-07-29 22:46:43', '1980-04-05 08:11:34');
INSERT INTO `users` (`id`, `first_name`, `last_name`, `email`, `phone`, `created_at`, `updated_at`) VALUES (172, 'Ned', 'Nikolaus', 'tprice@example.com', '(434)670-6465x199', '2009-01-21 02:27:58', '2015-11-07 04:28:42');
INSERT INTO `users` (`id`, `first_name`, `last_name`, `email`, `phone`, `created_at`, `updated_at`) VALUES (173, 'Abelardo', 'Rippin', 'carolina.boyle@example.net', '1-946-444-1889x9430', '2009-04-11 13:38:25', '1982-06-05 19:47:25');
INSERT INTO `users` (`id`, `first_name`, `last_name`, `email`, `phone`, `created_at`, `updated_at`) VALUES (174, 'Blanche', 'Wyman', 'kling.dominique@example.org', '(908)049-3983x57538', '1974-05-28 05:38:34', '1990-01-31 02:31:43');
INSERT INTO `users` (`id`, `first_name`, `last_name`, `email`, `phone`, `created_at`, `updated_at`) VALUES (175, 'Greta', 'Tillman', 'jacynthe.o\'reilly@example.com', '(833)124-4784x4502', '2016-01-07 21:16:31', '2001-11-27 22:51:36');
INSERT INTO `users` (`id`, `first_name`, `last_name`, `email`, `phone`, `created_at`, `updated_at`) VALUES (176, 'Elbert', 'Schulist', 'lucie25@example.org', '855-758-6806', '1980-10-12 22:09:50', '2001-06-06 10:44:50');
INSERT INTO `users` (`id`, `first_name`, `last_name`, `email`, `phone`, `created_at`, `updated_at`) VALUES (177, 'Sasha', 'Conn', 'uschroeder@example.net', '+08(5)9868843613', '2003-10-12 19:45:45', '1970-04-24 01:17:41');
INSERT INTO `users` (`id`, `first_name`, `last_name`, `email`, `phone`, `created_at`, `updated_at`) VALUES (178, 'Anjali', 'Ernser', 'hayley57@example.com', '448.391.8757x17866', '2020-06-27 04:39:38', '1985-01-21 04:28:40');
INSERT INTO `users` (`id`, `first_name`, `last_name`, `email`, `phone`, `created_at`, `updated_at`) VALUES (179, 'Zoe', 'Schumm', 'nicolas.trisha@example.org', '1-288-197-4312', '2002-09-28 17:12:03', '1997-06-20 12:06:29');
INSERT INTO `users` (`id`, `first_name`, `last_name`, `email`, `phone`, `created_at`, `updated_at`) VALUES (180, 'Amelia', 'Ledner', 'hkoss@example.com', '1-535-293-8068', '1989-11-17 23:16:08', '2016-04-09 09:57:28');
INSERT INTO `users` (`id`, `first_name`, `last_name`, `email`, `phone`, `created_at`, `updated_at`) VALUES (181, 'Ova', 'Skiles', 'lleuschke@example.com', '1-530-309-1390x70923', '1973-10-25 22:04:41', '1970-11-06 17:56:22');
INSERT INTO `users` (`id`, `first_name`, `last_name`, `email`, `phone`, `created_at`, `updated_at`) VALUES (182, 'Gabrielle', 'Purdy', 'aditya87@example.com', '315-051-3567', '2016-07-28 16:40:16', '2017-10-04 07:37:03');
INSERT INTO `users` (`id`, `first_name`, `last_name`, `email`, `phone`, `created_at`, `updated_at`) VALUES (183, 'Alycia', 'Wiegand', 'sunny.carroll@example.com', '815.171.8896', '1972-12-19 08:18:45', '1974-05-13 11:28:29');
INSERT INTO `users` (`id`, `first_name`, `last_name`, `email`, `phone`, `created_at`, `updated_at`) VALUES (184, 'Jarrett', 'Bednar', 'dooley.arjun@example.org', '+89(9)7810581631', '2005-05-11 02:41:39', '1999-11-03 20:58:45');
INSERT INTO `users` (`id`, `first_name`, `last_name`, `email`, `phone`, `created_at`, `updated_at`) VALUES (185, 'Braeden', 'Cruickshank', 'marcella.pfannerstill@example.org', '266.439.5513', '1996-06-15 15:04:18', '1989-07-22 15:08:47');
INSERT INTO `users` (`id`, `first_name`, `last_name`, `email`, `phone`, `created_at`, `updated_at`) VALUES (186, 'Adrien', 'Sipes', 'rodriguez.thora@example.net', '(750)984-4757x1420', '2008-03-18 05:44:53', '2000-07-12 06:36:17');
INSERT INTO `users` (`id`, `first_name`, `last_name`, `email`, `phone`, `created_at`, `updated_at`) VALUES (187, 'Samir', 'Osinski', 'rkuphal@example.com', '+42(3)0277145318', '2006-09-08 06:26:29', '1999-12-25 13:11:45');
INSERT INTO `users` (`id`, `first_name`, `last_name`, `email`, `phone`, `created_at`, `updated_at`) VALUES (188, 'Elody', 'Langosh', 'guadalupe14@example.net', '087-459-1909x2176', '1973-11-13 21:43:31', '2016-09-22 00:15:44');
INSERT INTO `users` (`id`, `first_name`, `last_name`, `email`, `phone`, `created_at`, `updated_at`) VALUES (189, 'Lillie', 'Upton', 'kuhic.rafael@example.net', '(358)172-2019', '1990-09-30 03:12:49', '1983-06-18 09:53:26');
INSERT INTO `users` (`id`, `first_name`, `last_name`, `email`, `phone`, `created_at`, `updated_at`) VALUES (190, 'Mason', 'Stamm', 'marks.callie@example.org', '637.194.8054x63794', '2004-09-14 23:15:49', '1975-06-02 15:47:16');
INSERT INTO `users` (`id`, `first_name`, `last_name`, `email`, `phone`, `created_at`, `updated_at`) VALUES (191, 'Rosalyn', 'Dare', 'peggie.kshlerin@example.org', '08764547111', '1988-05-06 04:50:00', '1981-07-12 16:10:58');
INSERT INTO `users` (`id`, `first_name`, `last_name`, `email`, `phone`, `created_at`, `updated_at`) VALUES (192, 'Ethyl', 'Yundt', 'gcronin@example.com', '835.177.4989', '2019-02-12 15:52:17', '1992-06-02 02:55:58');
INSERT INTO `users` (`id`, `first_name`, `last_name`, `email`, `phone`, `created_at`, `updated_at`) VALUES (193, 'Maybelle', 'Spinka', 'xavier.davis@example.com', '050.758.1173x2868', '1999-04-07 15:34:57', '1979-06-24 19:19:08');
INSERT INTO `users` (`id`, `first_name`, `last_name`, `email`, `phone`, `created_at`, `updated_at`) VALUES (194, 'Hailie', 'Thompson', 'oziemann@example.com', '(233)581-0084x54008', '1988-03-08 09:07:27', '1973-12-15 15:17:33');
INSERT INTO `users` (`id`, `first_name`, `last_name`, `email`, `phone`, `created_at`, `updated_at`) VALUES (195, 'Brenda', 'Leffler', 'macejkovic.ernest@example.org', '1-824-688-9252', '2020-10-31 21:42:43', '2001-11-02 10:14:06');
INSERT INTO `users` (`id`, `first_name`, `last_name`, `email`, `phone`, `created_at`, `updated_at`) VALUES (196, 'Kraig', 'Beier', 'plittel@example.org', '1-271-726-3664', '1984-01-08 18:55:29', '1982-11-12 21:31:18');
INSERT INTO `users` (`id`, `first_name`, `last_name`, `email`, `phone`, `created_at`, `updated_at`) VALUES (197, 'Megane', 'Reilly', 'lamont.kling@example.net', '247.979.1435x819', '1987-03-27 10:52:37', '1993-02-18 19:02:00');
INSERT INTO `users` (`id`, `first_name`, `last_name`, `email`, `phone`, `created_at`, `updated_at`) VALUES (198, 'Julius', 'Gleichner', 'america57@example.org', '+94(9)6612353248', '2001-08-26 18:27:08', '1999-04-25 08:15:15');
INSERT INTO `users` (`id`, `first_name`, `last_name`, `email`, `phone`, `created_at`, `updated_at`) VALUES (199, 'Lora', 'Feeney', 'veum.sigmund@example.com', '556.354.0027x37494', '1994-06-26 10:50:15', '2015-02-04 07:28:57');


